Web Orders Report
Report generated on 4/17/2017

Search Criteria
Order Date From:,04/01/2016
Order Date To:,04/30/2016
Status:,-- ALL --
Customer:, 
Billing Email:,
Billing Phone:,
Recipient:, 
Recipient Phone:,
SKUL:,
Order#:,
Promotion Code:,
State:,-- Please Select --


ORDER#,BLOOMLINKORDERNO,ORDER DATE,STATUS,BILLING FIRST NAME,BILLING LAST NAME,BILLING COMPANY,BILLING ADDRESS,BILLING ADDRESS 2,BILLING CITY,BILLING STATE,BILLING ZIP,BILLING REGION,BILLING COUNTRY,BILLING PHONE,EMAIL,ORDER MERCHANDISE SUBTOTAL,ORDER DISCOUNT,ORDER SUBTOTAL,ORDER TAX,ORDER SHIPPING,ORDER TOTAL,PROMOTION CODE,,LABEL,RECIPIENT STATUS,FIRST NAME,LAST NAME,COMPANY,ADDRESS 1,ADDRESS 2,CITY,STATE,ZIP,REGION,COUNTRY,PHONE,MERCHANDISE SUBTOTAL,DISCOUNT,SUBTOTAL,SHIPPING,SHIPPING METHOD,TAX,TOTAL,,ITEM STATUS,SKU,ITEM NAME,ATTRIBUTES,QUANTITY,PRICE,ITEM SUBTOTAL,ITEM DISCOUNT,ITEM TOTAL
10116203,97854467,4/27/2016 10:25:06 PM,Completed,Lorena,Barajas,,2717 vanderbilt ln apt c,,Redondo beach,California,90278,,US,951-634-7005,lorena_0425@yahoo.com,39.99,0.00,39.99,4.77,12.99,57.75,,,Marie Trevino,Ordered,Marie,Trevino,Pandora Southbay Galleria,1815 hawthorne blvd #224,,Redondo beach,California,90278,,US,951-634-7005,39.99,0.00,39.99,12.99,Ground,4.77,57.75,,Ordered,BF144-11KM,SIMPLE SOPHISTICATED BOUQUET,,1,39.99,39.99,0.00,39.99

10114315,97610868,4/20/2016 9:50:31 PM,Completed,Herman,Tinson,HD Sports Wear,4320 Crenshaw Blvd,,Los Angeles,California,90008,,US,323-574-4217,hdsportswear@yahoo.com,49.99,0.00,49.99,5.67,12.99,68.65,,,Porsha Johnson,Ordered,Porsha,Johnson,,1401 Hawthorne Blvd,,Redondo Beach,California,90278,,US,909-559-8325,49.99,0.00,49.99,12.99,Ground,5.67,68.65,,Ordered,BF253-11KM,LOVING LAVENDER WISHES,Size: Medium ,1,49.99,49.99,0.00,49.99

10113306,97494810,4/15/2016 5:48:48 PM,Completed,Denis,Faye,,542 Avenue B,542 Avenue B,Redondo Beach,California,90277,,US,3103184821,dfaye70@gmail.com,74.99,0.00,74.99,7.92,12.99,95.90,,,Marilyne Deckman,Ordered,Marilyne,Deckman,,1500 3rd Street,,Manhattan Beach,California,90266,,US,3103184821,74.99,0.00,74.99,12.99,Ground,7.92,95.90,,Ordered,BF232-11KM,1 1/2 DOZEN ROSES - RED,,1,74.99,74.99,0.00,74.99

10112817,97443013,4/13/2016 7:12:25 PM,Completed,elliott,cohen,,2225 1/2 ruhland ave,,redondo beach,California,90278,,US,201-572-1216,cohen.elliott@gmail.com,84.99,0.00,84.99,8.82,12.99,106.80,,,Myself,Ordered,elliott,cohen,,2225 1/2 ruhland ave,,redondo beach,California,90278,,US,201-572-1216,84.99,0.00,84.99,12.99,Ground,8.82,106.80,,Ordered,BF239-11KM,YELLOW ROSE BOUQUET,Size: Medium ,1,84.99,84.99,0.00,84.99

10112735,97432388,4/13/2016 3:15:57 PM,Completed,john,yates,,8931 Kiger Street,,Lorton,Virginia,22079,,US,469-223-9229,rowdynq@verizon.net,49.99,0.00,49.99,5.67,12.99,68.65,,,TERRI YATES,Ordered,TERRI,YATES,,2608 RALSTON LANE,,Redondo Beach,California,90278,,US,310-379-3319,49.99,0.00,49.99,12.99,Ground,5.67,68.65,,Ordered,BF8-11K,BIRTHDAY BRILLIANCE,,1,49.99,49.99,0.00,49.99

10112703,97428446,4/13/2016 1:45:13 PM,Completed,Violet,Borror,,1130 Becky Dr,,Colorado Springs,Colorado,80921,,US,719-481-5754,ken.borror@starofhope.org,39.99,0.00,39.99,4.77,12.99,57.75,,,Mable Bray,Ordered,Mable,Bray,,1111 Green Lane,,redondo beach,California,90278,,US,310-376-2382,39.99,0.00,39.99,12.99,Ground,4.77,57.75,,Ordered,BF146-11KM,A LABOR OF LOVE,,1,39.99,39.99,0.00,39.99

10112512,97402645,4/12/2016 3:12:21 PM,Completed,JANET C,PETERSON,,5516 E COLBY ST,,MESA,Arizona,85205,,US,480-838-2620,JANNETTO@COX.NET,79.90,0.00,79.90,8.36,12.99,101.25,,,Patricia Ann White,Ordered,PATRICIA,WHITE,PACIFIC CREST CEMETERY,2701 182 ND ST,,REDONDO BEACH,California,90278,,US,310-792-7570,79.90,0.00,79.90,12.99,Ground,8.36,101.25,,Ordered,91207S,PINK & WHITE SYMPATHY FLOOR BASKET,Size: Small ,1,79.90,79.90,0.00,79.90

10112349,97384395,4/11/2016 6:31:52 PM,Completed,Kamala,Jones,,6061 W 3rd Street,,Los Angeles,California,90036,,US,323-365-6818,kamalamay@yahoo.com,39.99,0.00,39.99,4.77,12.99,57.75,,,Holly Shelton,Ordered,Holly,Shelton,,737 W Maple Avenue,,El Segundo,California,90245,,US,310-414-9611,39.99,0.00,39.99,12.99,Ground,4.77,57.75,,Ordered,BF411-11KM,IT'S A FINE DAY BOUQUET,,1,39.99,39.99,0.00,39.99

10112145,97361645,4/10/2016 4:34:51 PM,Completed,Amer,Ghazal,,13914 15th PL W,,Lynnwood,Washington,98087,,US,310-848-8386,amerghazal@gmail.com,39.99,0.00,39.99,4.77,12.99,57.75,,,Lina Ghazal or Nabil Ghazal,Ordered,Lina,Ghazal,,18328 Mansel Ave #B,,Redondo Beach,California,90278,,US,310-848-8386,39.99,0.00,39.99,12.99,Ground,4.77,57.75,,Ordered,BF244-11KS,HER PERFECT DAY BOUQUET,Size: Small ,1,39.99,39.99,0.00,39.99

10111032,97236878,4/4/2016 7:27:54 PM,Completed,Rebecca,Busby,,4009 Pala Road,,Oceanside,California,92057,,US,760-721-3558,rebeccab1@cox.net,39.99,0.00,39.99,4.77,12.99,57.75,,,Ana Nicola,Ordered,Ana,Nicola,Ewell Construction,2911 W. 182nd St.,,Redondo Beach,California,90278,,US,310-793-2239,39.99,0.00,39.99,12.99,Ground,4.77,57.75,,Ordered,1991,1-800-FLOWERS BIRTHDAY FLOWER CAKE - PASTEL,,1,39.99,39.99,0.00,39.99
