Web Orders Report
Report generated on 4/17/2017

Search Criteria
Order Date From:,08/01/2016
Order Date To:,08/31/2016
Status:,-- ALL --
Customer:, 
Billing Email:,
Billing Phone:,
Recipient:, 
Recipient Phone:,
SKUL:,
Order#:,
Promotion Code:,
State:,-- Please Select --


ORDER#,BLOOMLINKORDERNO,ORDER DATE,STATUS,BILLING FIRST NAME,BILLING LAST NAME,BILLING COMPANY,BILLING ADDRESS,BILLING ADDRESS 2,BILLING CITY,BILLING STATE,BILLING ZIP,BILLING REGION,BILLING COUNTRY,BILLING PHONE,EMAIL,ORDER MERCHANDISE SUBTOTAL,ORDER DISCOUNT,ORDER SUBTOTAL,ORDER TAX,ORDER SHIPPING,ORDER TOTAL,PROMOTION CODE,,LABEL,RECIPIENT STATUS,FIRST NAME,LAST NAME,COMPANY,ADDRESS 1,ADDRESS 2,CITY,STATE,ZIP,REGION,COUNTRY,PHONE,MERCHANDISE SUBTOTAL,DISCOUNT,SUBTOTAL,SHIPPING,SHIPPING METHOD,TAX,TOTAL,,ITEM STATUS,SKU,ITEM NAME,ATTRIBUTES,QUANTITY,PRICE,ITEM SUBTOTAL,ITEM DISCOUNT,ITEM TOTAL
10145885,7190580,8/28/2016 9:01:48 PM,Completed,Brian,Dunlap,,1756 Curtis ave,,Manhattan beach,California,90266,,US,3106190970,bd@cadencecollection.com,69.99,0.00,69.99,7.47,12.99,90.45,,,Sandra Jean,Ordered,Sandy,Dunlap,,1756 Curtis ave,,Manhattan beach,California,90266,,US,3106190982,69.99,0.00,69.99,12.99,Ground,7.47,90.45,,Ordered,BF103-11KM,LOVELY LILY & PINK ROSE CUBE,,1,69.99,69.99,0.00,69.99

10145503,7146993,8/25/2016 9:52:07 PM,Completed,Steven,Sullivan,,1802 Esplanade,#9,Redondo Beach,California,90277,,US,3106345889,stevenowensullivan@gmail.com,69.99,0.00,69.99,7.74,15.99,93.72,,,Brittany Sullivan,Ordered,Brittany,Sullivan,Malaga Bank,2514 Vía Tejon,,Palos Verdes Estates,California,90274,,US,3103759000,69.99,0.00,69.99,15.99,Ground,7.74,93.72,,Ordered,BF86-11KM,LOVELY LILY & ROSES BOUQUET-ALL WHITE,Size: Medium ,1,69.99,69.99,0.00,69.99

10145461,7142233,8/25/2016 6:54:57 PM,Completed,Alisen,Motonaga,,5335 Scrivener,,Long Beach,California,90808,,US,5626193791,alimotonaga@gmail.com,59.99,0.00,59.99,6.57,12.99,79.55,,,Zivar Zohreh Tajdar,Ordered,Zivar,Zohreh Tajdar,South End Racquet & Health Club,2800 Skypark Dr,,Torrance,California,90505,,US,3105300630,59.99,0.00,59.99,12.99,Ground,6.57,79.55,,Ordered,BF212-11KM,THINKING OF YOU BASKET,,1,59.99,59.99,0.00,59.99

10145012,7097426,8/24/2016 12:36:25 AM,Completed,Robin,Burnham,,9350 SW 165th Pl,,Beaverton,Oregon,97007,,US,5035243378,dickbu@aol.com,69.98,0.00,69.98,7.47,12.99,90.44,,,Katie Hoffman,Ordered,Katie,Hoffman,,1907 Valley Park Ave.,,Hermosa Beach,California,90254,,US,3105282621,69.98,0.00,69.98,12.99,,7.47,90.44,,Ordered,91498S,ALL FRUIT BASKET FOR SYMPATHY,Size: Small ,1,59.99,59.99,0.00,59.99
10145012,7097426,8/24/2016 12:36:25 AM,Completed,Robin,Burnham,,9350 SW 165th Pl,,Beaverton,Oregon,97007,,US,5035243378,dickbu@aol.com,69.98,0.00,69.98,7.47,12.99,90.44,,,Katie Hoffman,Ordered,Katie,Hoffman,,1907 Valley Park Ave.,,Hermosa Beach,California,90254,,US,3105282621,69.98,0.00,69.98,12.99,,7.47,90.44,,Ordered,ADD-CHOC-S,ASSORTED CHOCOLATES,Size: Small ,1,9.99,9.99,0.00,9.99

10144769,7072430,8/23/2016 1:00:36 AM,Completed,Lucianna,spencer,,5614 Ruby St,,Torrance,California,90503,,US,3107309756,theseanspencer@gmail.com,44.99,0.00,44.99,5.22,12.99,63.20,,,Lucianna,Ordered,Lucianna,spencer,,5614 Ruby St,,Torrance,California,90503,,US,3107309756,44.99,0.00,44.99,12.99,Ground,5.22,63.20,,Ordered,BF318-11KMP,LET'S CELEBRATE,,1,44.99,44.99,0.00,44.99

10144553,7046010,8/22/2016 2:25:31 AM,Completed,Mary,Reed,,4710 W 167th St,,Lawndale,California,90260,,US,3103703746,maryjunereed@aol.com,49.99,0.00,49.99,5.67,12.99,68.65,,,Michelle E. Cunningham,Ordered,Michelle,Cunningham,Little Company of Mary Hospital,4101 Torrance Blvd,,Torrance,California,90503,,US,3105407676,49.99,0.00,49.99,12.99,Ground,5.67,68.65,,Ordered,90977M,1-800-FLOWERS&REG; FIELDS OF EUROPE™,Size: Medium ,1,49.99,49.99,0.00,49.99

10144478,7038689,8/21/2016 3:31:32 PM,Completed,Lazwanti,Bhaia,,76 Thomas Avenue,,Mountain house,California,95391,,US,9253099359,b.lazwanti@yahoo.com,84.98,0.00,84.98,8.82,12.99,106.79,,,Neha & Theo Martin,Ordered,Neha,Bhaia,,1935 Nelson Avenue,,Redondo Beach,California,90278,,US,4086272639,84.98,0.00,84.98,12.99,,8.82,106.79,,Ordered,95161,1-800-FLOWERS® LUCKY IN LOVE™,,1,74.99,74.99,0.00,74.99
10144478,7038689,8/21/2016 3:31:32 PM,Completed,Lazwanti,Bhaia,,76 Thomas Avenue,,Mountain house,California,95391,,US,9253099359,b.lazwanti@yahoo.com,84.98,0.00,84.98,8.82,12.99,106.79,,,Neha & Theo Martin,Ordered,Neha,Bhaia,,1935 Nelson Avenue,,Redondo Beach,California,90278,,US,4086272639,84.98,0.00,84.98,12.99,,8.82,106.79,,Ordered,ADD-PLUSH-S,ASSORTED PLUSH,Size: Small ,1,9.99,9.99,0.00,9.99

10144162,6975220,8/18/2016 11:56:28 PM,Completed,Arvidas,Zyle,,156 pebble shores dr 201,,Naples,Florida,34110,,US,2392870809,vladezyliene@yahoo.com,44.99,0.00,44.99,5.22,12.99,63.20,,,Recipient,Ordered,Ingrida,Vilkaite,,509 Esplanade Apt.E,,Redondo Beach,California,90277,,US,7345363037,44.99,0.00,44.99,12.99,Ground,5.22,63.20,,Ordered,105243PK,1-800-FLOWERS® JULEP CUP BOUQUET™,Color: Pink ,1,44.99,44.99,0.00,44.99

10143448,6882163,8/15/2016 11:33:34 PM,Completed,Richard,Slight,,4018 W 184Th St,,Torrance,California,90504-4712,,US,310-793-3243,rgslight1@verizon.net,59.99,0.00,59.99,6.57,12.99,79.55,,,Recipient,Ordered,Karen,Slight,,2909 Oregon ct STE A4,,Torrance,California,90504,,US,8054444860,59.99,0.00,59.99,12.99,Ground,6.57,79.55,,Ordered,BF165-11KM,NEW VICTORIAN ROMANCE,,1,59.99,59.99,0.00,59.99

10143177,6846795,8/13/2016 10:51:19 PM,Completed,jason,lightner,,1909 rees rd,,San Marcos,California,92069,,US,7606419079,flyingjay1@gmail.com,64.99,0.00,64.99,7.02,12.99,85.00,,,Sweet Jessi,Ordered,Jessi,lang,,117 south Lucia Avenue #3,,redondo beach,California,90277,,US,7033855624,64.99,0.00,64.99,12.99,Ground,7.02,85.00,,Ordered,105241,1-800-FLOWERS® MODERN TULIPS,,1,64.99,64.99,0.00,64.99

10143058,6830874,8/12/2016 7:47:47 PM,Completed,Holly,Walker,,1948 Aquetong Rd,,New Hope,Pennsylvania,18938,,US,5709474551,holdol32@hotmail.com,54.99,0.00,54.99,6.12,12.99,74.10,,,Chrystal Gbaja-biamila and Family,Ordered,Chrystal,Gbaja-biamila,,2607 Ripley Ave,# B,Redondo Beach,California,90278,,US,9494219963,54.99,0.00,54.99,12.99,Ground,6.12,74.10,,Ordered,143174L,1-800-FLOWERS® GARDEN BOUQUET™,Size: Large ,1,54.99,54.99,0.00,54.99

10142972,6819678,8/12/2016 2:18:09 PM,Completed,Brittanny,Snyder,,124 Grayton rd,,Tonawanda,New York,14150,,US,7168166205,brittannysnyder@ymail.com,39.99,0.00,39.99,4.77,12.99,57.75,,,Jessica Christine,Ordered,Jessica,Krazmien,,1001 Camino Real,Apt #12,Redondo Beach,California,90277,,US,7168166205,39.99,0.00,39.99,12.99,Ground,4.77,57.75,,Ordered,BF16-11K,RICH 'N ROSY,,1,39.99,39.99,0.00,39.99

10142867,6809831,8/11/2016 9:03:51 PM,Completed,Luis,Esparza,,6114 Menlo Ave,,Los Angeles,California,90044,,US,3237583642,luisesparza7@yahoo.com,39.99,0.00,39.99,4.77,12.99,57.75,,,Nathalie Vidal,Ordered,Nathalie,Vidal,Coast acm,4225 Spencer St,,Torrance,California,90503,,US,3234702301,39.99,0.00,39.99,12.99,Ground,4.77,57.75,,Ordered,BF104-11KS,MY ROSY VALENTINE,Size: Small ,1,39.99,39.99,0.00,39.99

10142797,6801668,8/11/2016 4:52:57 PM,Completed,orlando,pereira,,5563 Spahn Avenue,,Lakewood,California,90713,,US,310-536-5470,orlndo@hotmail.com,39.99,0.00,39.99,4.77,12.99,57.75,,,Ceci,Ordered,Cecilia,Rodriguez,DHL Global Forwarding,4000 Redondo Beach Ave #10,,Redondo Beach,California,90278,,US,3105365470,39.99,0.00,39.99,12.99,Ground,4.77,57.75,,Ordered,BF142-11KM,RUBY ARRAY,,1,39.99,39.99,0.00,39.99

10142766,6798431,8/11/2016 3:30:48 PM,Completed,Victor,Fonseca,,11814 Virginia Ave,,Lynwood,California,90262,,US,3238981383,dohcvtec213@gmail.com,59.99,0.00,59.99,6.57,12.99,79.55,,,Myra rodriguez,Ordered,Myra,Rodriguez,United states post office,"1201 N Catalina Ave, Redondo Beach, CA 90277",,Redondo Beach,California,90277,,US,3238981383,59.99,0.00,59.99,12.99,Ground,6.57,79.55,,Ordered,BF104-11KL,MY ROSY VALENTINE,Size: Large ,1,59.99,59.99,0.00,59.99

10142381,6753145,8/9/2016 6:59:12 PM,Completed,Nimfa,Magalong,,1032 W. 182nd Street,,Gardena,California,90248,,US,3104182271,nimfamagalong@forestcity.net,59.99,0.00,59.99,6.57,12.99,79.55,,,Damon Holmes,Ordered,Damon,Holmes,South Bay Galleria,"1815 Hawthorne Blvd., Suite 201",,Redondo Beach,California,90278,,US,3103711596,59.99,0.00,59.99,12.99,Ground,6.57,79.55,,Ordered,BF212-11KM,THINKING OF YOU BASKET,,1,59.99,59.99,0.00,59.99

10141305,6629954,8/3/2016 5:25:07 PM,Completed,Tania,Gallardo,Bay Alarm Company,938 e 47th St.,,Los Angeles,California,90248,,US,3233143746,ernesto.gallardo86@yahoo.com,54.99,0.00,54.99,6.12,12.99,74.10,,,Tania Gallardo,Ordered,Tania,Gallardo,Bay Alarm Company,938 e 47th St.,,Los Angeles,California,90248,,US,3233143746,54.99,0.00,54.99,12.99,Ground,6.12,74.10,,Ordered,BF303-11KL,SWEETEST MEMORIES,Size: Large ,1,54.99,54.99,0.00,54.99

10140868,6573660,8/1/2016 4:03:12 PM,Completed,Paul,Knittel,Dr. Paul's Immediate Care,1812 Artesia Blvd,,Redondo Beach,California,90278,,US,3107455600,joren@mydrpaul.com,64.99,0.00,64.99,7.02,12.99,85.00,,,Dr. Jen Brown,Ordered,Jen,Brown,Dr. Paul's Immediate Care,1812 Artesia Blvd,,Redondo Beach,California,90278,,US,3107455600,64.99,0.00,64.99,12.99,Ground,7.02,85.00,,Ordered,91776L,1-800-FLOWERS&REG; RECTANGLE VASE FIELDS OF EUROPE™,Size: Large ,1,64.99,64.99,0.00,64.99

10140855,6572178,8/1/2016 3:28:46 PM,Completed,Juan,Iglesias,,1337 North Luella Drive,,Los Angeles,California,90063,,US,7149753241,jiglesias135@gmail.com,59.99,0.00,59.99,6.57,12.99,79.55,,,Connie Gutierrez,Ordered,Connie,Gutierrez,College Medical Center,13300 Hawthorne Blvd,,Hawthorne,California,90250,,US,3106793321,59.99,0.00,59.99,12.99,Ground,6.57,79.55,,Ordered,1120RD,1-800-FLOWERS® 1 DOZEN ROSES RED ROSE ELEGANCE™ PREMIUM,,1,59.99,59.99,0.00,59.99
