Web Orders Report
Report generated on 4/17/2017

Search Criteria
Order Date From:,12/01/2016
Order Date To:,12/31/2016
Status:,-- ALL --
Customer:, 
Billing Email:,
Billing Phone:,
Recipient:, 
Recipient Phone:,
SKUL:,
Order#:,
Promotion Code:,
State:,-- Please Select --


ORDER#,BLOOMLINKORDERNO,ORDER DATE,STATUS,BILLING FIRST NAME,BILLING LAST NAME,BILLING COMPANY,BILLING ADDRESS,BILLING ADDRESS 2,BILLING CITY,BILLING STATE,BILLING ZIP,BILLING REGION,BILLING COUNTRY,BILLING PHONE,EMAIL,ORDER MERCHANDISE SUBTOTAL,ORDER DISCOUNT,ORDER SUBTOTAL,ORDER TAX,ORDER SHIPPING,ORDER TOTAL,PROMOTION CODE,,LABEL,RECIPIENT STATUS,FIRST NAME,LAST NAME,COMPANY,ADDRESS 1,ADDRESS 2,CITY,STATE,ZIP,REGION,COUNTRY,PHONE,MERCHANDISE SUBTOTAL,DISCOUNT,SUBTOTAL,SHIPPING,SHIPPING METHOD,TAX,TOTAL,,ITEM STATUS,SKU,ITEM NAME,ATTRIBUTES,QUANTITY,PRICE,ITEM SUBTOTAL,ITEM DISCOUNT,ITEM TOTAL
10170915,68572966,12/30/2016 1:13:04 AM,Completed,Nimfa,Magalong,South Bay Galleria,1032 W. 182nd Street,,Gardena,California,90278,,US,3104182271,nimfamagalong@forestcity.net,124.99,0.00,124.99,12.42,12.99,150.40,,,Mila Williams,Ordered,Mila,Williams,McKay's South Bay Mortuary,3918 Marine Ave.,,Lawndale,California,90260,,US,3109788877,124.99,0.00,124.99,12.99,Ground,12.42,150.40,,Ordered,BF192-11KM,MULTI-COLOR STANDING SYMPATHY WREATH,,1,124.99,124.99,0.00,124.99

10170909,68569950,12/30/2016 12:20:44 AM,Completed,Heidi,Franklin,,655 allegheny Dr.,,Colorado Springs,Colorado,80919,,US,7193602639,franklin731@yahoo.com,44.99,0.00,44.99,5.22,12.99,63.20,,,Debbie,Ordered,Debbie,Weis,,135 Camino De Las Colinas,,Redondo Beach,California,90277,,US,3103736484,44.99,0.00,44.99,12.99,Ground,5.22,63.20,,Ordered,BF89-11KM,EUROPEAN ROMANCE BOUQUET,Size: Medium ,1,44.99,44.99,0.00,44.99

10170902,68567414,12/29/2016 11:40:18 PM,Completed,Kyle,Hemsley,,7631 E Twinleaf TRL,,Orange,California,92869,,US,5309278878,kylerayhemsley@gmail.com,34.99,0.00,34.99,4.32,12.99,52.30,,,Sherry Guitare,Ordered,Sherry,Guitare,Torrence Memorial Medical Center,3330 Lomita Blvd,,Torrance,California,90505,,US,3103259110,34.99,0.00,34.99,12.99,Ground,4.32,52.30,,Ordered,BF216-11KM,THE BRIGHT BLUE SKIES BOUQUET,,1,34.99,34.99,0.00,34.99

10170879,68563556,12/29/2016 9:01:00 PM,Completed,Russell,Kame,,2413 W 169TH PL,,TORRANCE,California,90504,,US,3105158112,rkame@cashcall.com,59.99,0.00,59.99,6.57,12.99,79.55,,,Susan Yonamine,Ordered,Susan,Yonamine,,16519 Daphne Ave.,,Torrance,California,90504,,US,3109625109,59.99,0.00,59.99,12.99,Ground,6.57,79.55,,Ordered,105644L,1-800-FLOWERS® BASKET OF BLOOMS™,Size: Large ,1,59.99,59.99,0.00,59.99

10170603,68505336,12/28/2016 2:30:13 AM,Completed,Coby,Karl,,701 S Owyhee St,,Boise,Idaho,83706,,US,3109458456,thequon21@yahoo.com,49.99,0.00,49.99,5.67,12.99,68.65,,,Kristen Karl,Ordered,Kristen,Karl,,2224 Ruhland Ave,Unit A,Rendondo Beach,California,90278,,US,6615470410,49.99,0.00,49.99,12.99,Ground,5.67,68.65,,Ordered,BF255-11KMR,SIMPLY DIVINE BOUQUET,,1,49.99,49.99,0.00,49.99

10170171,68441902,12/23/2016 8:26:46 PM,Completed,James,Wilson,Mr.,3605 Wright Brothers Ave.,Unit 311,Goldsboro,North Carolina,27534,,US,9032762747,jkwilson210@gmail.com,39.99,0.00,39.99,4.77,12.99,57.75,,,Brianna Osborne,Ordered,Melanie,Osborne,,2301 Marshallfield Lane,Unit A,Redondo Beach,California,90278,,US,3102189427,39.99,0.00,39.99,12.99,Ground,4.77,57.75,,Ordered,BF205-11KM,CHRISTMAS CHEER,,1,39.99,39.99,0.00,39.99

10169572,68355038,12/22/2016 4:05:11 AM,Completed,Daniel,Berney,,849 20th Street,,Hermosa Beach,California,90254,,US,3105059424,deberney@aol.com,89.98,0.00,89.98,8.10,0.00,98.08,,,Myself,Ordered,Daniel,Berney,,849 20th Street,,Hermosa Beach,California,90254,,US,3105059424,89.98,0.00,89.98,0.00,Ground,8.10,98.08,,Ordered,BF203-11KM,HOLIDAY GREETINGS BASKET,Size: Medium ,2,44.99,89.98,0.00,89.98

10169463,68145313,12/21/2016 9:39:54 PM,Completed,Laura,Silverman,,94 Dean Road,,Marlborough,Massachusetts,01752,,US,7742491990,laurasilverman7@gmail.com,34.99,0.00,34.99,4.32,12.99,52.30,,,Kendall Busby,Ordered,Kendall,Busby,,603 14th Street,,Manhattan Beach,California,90266,,US,7742491990,34.99,0.00,34.99,12.99,Ground,4.32,52.30,,Ordered,BF265-11KS,SUCCULENT GARDEN - SMALL,Size: Small ,1,34.99,34.99,0.00,34.99

10169131,65130925,12/21/2016 12:10:53 AM,Completed,Theodore,Scheumann,"Verity Build, Inc.",20950 South Normandie Ave. Unit A,,Torrance,California,90502,,US,310-375-2080,jennifer@veritybaths.com,149.97,29.99,119.98,14.58,41.97,176.53,Verity,,Jennifer & Roy Sasaki,Ordered,Jennifer & Roy,Sasaki,,22623 Benner Ave,,Torrance,California,90505,,US,3103262227,49.99,10.00,39.99,12.99,Ground,4.77,57.75,,Ordered,90674,1-800-FLOWERS® WINTER WONDERLAND™,,1,49.99,49.99,10.00,39.99
10169131,65130925,12/21/2016 12:10:53 AM,Completed,Theodore,Scheumann,"Verity Build, Inc.",20950 South Normandie Ave. Unit A,,Torrance,California,90502,,US,310-375-2080,jennifer@veritybaths.com,149.97,29.99,119.98,14.58,41.97,176.53,Verity,,Danielle & Shane Breski,Ordered,Danielle & Shane,Breski,,20529 S. Vermont Ave. #7,,Torrance,California,90502,,US,4292015221,49.99,10.00,39.99,12.99,Ground,4.77,57.75,,Ordered,90674,1-800-FLOWERS® WINTER WONDERLAND™,,1,49.99,49.99,10.00,39.99
10169131,65130925,12/21/2016 12:10:53 AM,Completed,Theodore,Scheumann,"Verity Build, Inc.",20950 South Normandie Ave. Unit A,,Torrance,California,90502,,US,310-375-2080,jennifer@veritybaths.com,149.97,29.99,119.98,14.58,41.97,176.53,Verity,,Rebecca & Charles Rannells,Ordered,Rebecca & Charles,Rannells,,1020 West Paseo Del Mar,,San Pedro,California,90731,,US,4243423380,49.99,9.99,40.00,15.99,Ground,5.04,61.03,,Ordered,90674,1-800-FLOWERS® WINTER WONDERLAND™,,1,49.99,49.99,9.99,40.00

10168747,62234028,12/19/2016 11:12:47 PM,Completed,Ann,Hixenbaugh,,1928 Reynosa Dr,,Torrance,California,90703,,US,3105930168,ann@accov.com,59.99,0.00,59.99,6.57,12.99,79.55,,,Richard Guant,Ordered,Richard,Gaunt,St. Lawrence Martyr Catholic Church,1900 S Prospect Ave,,Redondo Beach,California,90277,,US,3105400329,59.99,0.00,59.99,12.99,Ground,6.57,79.55,,Ordered,BF212-11KM,THINKING OF YOU BASKET,,1,59.99,59.99,0.00,59.99

10168419,62040079,12/19/2016 6:30:25 AM,Completed,James,Press,,3315 Mockingbird Ln,,Dallas,California,75205,,US,2489906981,jim.press1@gmail.com,189.99,0.00,189.99,18.27,12.99,221.25,,,Suwichada Press,Ordered,Suwichada,Press,,701 Loma Dr,,Hermosa Beach,California,90254,,US,6468844169,189.99,0.00,189.99,12.99,Ground,18.27,221.25,,Ordered,107334L,1-800-FLOWERS® ROSE ELEGANCE™ IN A MARQUIS BY WATERFORD® VASE,Size: Large ,1,189.99,189.99,0.00,189.99

10168155,61590273,12/17/2016 8:34:00 AM,Completed,Lori,Mazloum,,2517 Huntington Lane #B,,Redondo Beach,California,90278,,US,3109376171,LMazloum@aol.com,74.99,0.00,74.99,7.92,12.99,95.90,,,Earlene Winn,Ordered,Earlene,Winn,,1718 Belmont Lane,,Redondo Beach,California,90278,,US,3109944305,74.99,0.00,74.99,12.99,Ground,7.92,95.90,,Ordered,95677,1-800-FLOWERS® HEALING TEARS CHRISTMAS,,1,74.99,74.99,0.00,74.99

10168057,61467610,12/16/2016 8:18:28 PM,Completed,Regina,Moore,,317 W Regent Street #1,,Inglewood,California,90301,,US,3104807369,reggie4me@sbcglobal.net,69.99,0.00,69.99,7.47,12.99,90.45,,,Myself,Ordered,Regina,Moore,,317 W Regent Street #1,,Inglewood,California,90301,,US,3104807369,69.99,0.00,69.99,12.99,Ground,7.47,90.45,,Ordered,90669L,1-800-FLOWERS® TRADITIONAL CHRISTMAS CENTERPIECE,Size: Large ,1,69.99,69.99,0.00,69.99

10168049,61462352,12/16/2016 7:51:19 PM,Completed,Samantha,Gilman,,12631 Califa St,,Valley Village,California,91607,,US,3233943266,samantha.gilman@gmail.com,69.99,0.00,69.99,7.47,12.99,90.45,,,Karen Hunt,Ordered,Karen,Hunt,,607 Anderson St,,Manhattan Beach,California,90266,,US,3104880113,69.99,0.00,69.99,12.99,Ground,7.47,90.45,,Ordered,BF90-11KM,LOVELY LILY & ROSE CELEBRATION BOUQUET,Size: Medium ,1,69.99,69.99,0.00,69.99

10167356,60880964,12/14/2016 11:23:04 AM,Completed,Donald,Moore,,10016 Edmonds Way #C245,,Edmonds,Washington,98020,,US,4257506572,dmmiii@hotmail.com,89.99,0.00,89.99,9.54,15.99,115.52,,,Elisa Finan,Ordered,Elisa,Finan,,720 27th st #1,,San Pedro,California,90731,,US,3102453761,89.99,0.00,89.99,15.99,Ground,9.54,115.52,,Ordered,146542,1-800-FLOWERS® BECAUSE OF YOU BOUQUET,,1,89.99,89.99,0.00,89.99

10167019,57195082,12/12/2016 9:38:30 PM,Completed,James,Bernacchi,,6154 East Hillery Drive,,Scottsdale,California,85254,,US,4073610322,jpbern@aol.com,269.96,0.00,269.96,26.64,25.98,322.58,,,Karen Bernacchi,Ordered,Karen,Bernacchi,,2609 Grant Ave Unit B,,Redondo Beach,California,90278,,US,6024211910,269.96,0.00,269.96,25.98,,26.64,322.58,,Ordered,16929B,1-800-FLOWERS&REG; ULTIMATE BIRTHDAY BUNDLE™ - BRIGHT,,1,79.99,79.99,0.00,79.99
10167019,57195082,12/12/2016 9:38:30 PM,Completed,James,Bernacchi,,6154 East Hillery Drive,,Scottsdale,California,85254,,US,4073610322,jpbern@aol.com,269.96,0.00,269.96,26.64,25.98,322.58,,,Karen Bernacchi,Ordered,Karen,Bernacchi,,2609 Grant Ave Unit B,,Redondo Beach,California,90278,,US,6024211910,269.96,0.00,269.96,25.98,,26.64,322.58,,Ordered,141638,1-800-FLOWERS® ARTISAN MEDLEY™ FRUIT AND GOURMET BASKET,,1,79.99,79.99,0.00,79.99
10167019,57195082,12/12/2016 9:38:30 PM,Completed,James,Bernacchi,,6154 East Hillery Drive,,Scottsdale,California,85254,,US,4073610322,jpbern@aol.com,269.96,0.00,269.96,26.64,25.98,322.58,,,Karen Bernacchi,Ordered,Karen,Bernacchi,,2609 Grant Ave Unit B,,Redondo Beach,California,90278,,US,6024211910,269.96,0.00,269.96,25.98,,26.64,322.58,,Ordered,BF544-11KL,HOLIDAY SLEIGH RIDE CELEBRATION,Size: Large ,1,49.99,49.99,0.00,49.99
10167019,57195082,12/12/2016 9:38:30 PM,Completed,James,Bernacchi,,6154 East Hillery Drive,,Scottsdale,California,85254,,US,4073610322,jpbern@aol.com,269.96,0.00,269.96,26.64,25.98,322.58,,,Karen Bernacchi,Ordered,Karen,Bernacchi,,2609 Grant Ave Unit B,,Redondo Beach,California,90278,,US,6024211910,269.96,0.00,269.96,25.98,,26.64,322.58,,Ordered,100279L,1-800-FLOWERS® LOVE POTION®,Size: Large ,1,59.99,59.99,0.00,59.99

10166957,56630125,12/12/2016 6:47:17 PM,Completed,Cesar,Davila,,4335 w. 105th st,,Inglewood,California,90304,,US,3109129600,cesarxdavila@live.com,79.98,0.00,79.98,8.37,12.99,101.34,,,Vianey lopez,Ordered,Vianey,Lopez,,4017 w. 141 st. Apt B,,Hawthorne,California,90250,,US,3109129600,79.98,0.00,79.98,12.99,,8.37,101.34,,Ordered,BF116-11KL,YOU'RE FOREVER IN MY HEART,Size: Large ,1,69.99,69.99,0.00,69.99
10166957,56630125,12/12/2016 6:47:17 PM,Completed,Cesar,Davila,,4335 w. 105th st,,Inglewood,California,90304,,US,3109129600,cesarxdavila@live.com,79.98,0.00,79.98,8.37,12.99,101.34,,,Vianey lopez,Ordered,Vianey,Lopez,,4017 w. 141 st. Apt B,,Hawthorne,California,90250,,US,3109129600,79.98,0.00,79.98,12.99,,8.37,101.34,,Ordered,ADD-CHOC-S,ASSORTED CHOCOLATES,Size: Small ,1,9.99,9.99,0.00,9.99

10166838,54731971,12/12/2016 8:58:20 AM,Completed,Judith,Johnson,,3721 Federal Blvd. West,,San Diego,California,92102,,US,6192649879,judy@larsonsaga.com,89.99,0.00,89.99,9.27,12.99,112.25,,,Joanne Woodie,Ordered,Joanne,Woodie,,1210 Keats St.,,Manhattan Beach,California,90266,,US,3103764463,89.99,0.00,89.99,12.99,Ground,9.27,112.25,,Ordered,147268L,1-800-FLOWERS® WINTER BILLIANCE™ BOUQUET,Size: Large ,1,89.99,89.99,0.00,89.99

10166460,42455727,12/9/2016 2:32:55 PM,Completed,Tawny,Torres,,15533 Starbucks St.,,Whittier,California,90603,,US,5627143218,tawnytor@aol.com,49.99,0.00,49.99,5.67,12.99,68.65,,,Rosina Romero,Ordered,Rosina,Romero,,2401 Del amo Blvd.,,Torrance,California,90501,,US,3106180967,49.99,0.00,49.99,12.99,Ground,5.67,68.65,,Ordered,BF8-11K,BIRTHDAY BRILLIANCE,,1,49.99,49.99,0.00,49.99

10164538,34515864,12/5/2016 6:47:57 AM,Completed,Javier,Velasquez,,po box 2717,,Gardena,California,90248,,US,4242304355,javiervelazquez1985@yahoo.com,89.98,0.00,89.98,9.27,12.99,112.24,,,Maria Paty Garcia,Ordered,Patricia,Garcia,,18105 S Hobart Blvd,,Gardena,California,90248,,US,4242304355,89.98,0.00,89.98,12.99,,9.27,112.24,,Ordered,BF116-11KL,YOU'RE FOREVER IN MY HEART,Size: Large ,1,69.99,69.99,0.00,69.99
10164538,34515864,12/5/2016 6:47:57 AM,Completed,Javier,Velasquez,,po box 2717,,Gardena,California,90248,,US,4242304355,javiervelazquez1985@yahoo.com,89.98,0.00,89.98,9.27,12.99,112.24,,,Maria Paty Garcia,Ordered,Patricia,Garcia,,18105 S Hobart Blvd,,Gardena,California,90248,,US,4242304355,89.98,0.00,89.98,12.99,,9.27,112.24,,Ordered,ADD-CHOC-L,ASSORTED CHOCOLATES,Size: Large ,1,19.99,19.99,0.00,19.99

10164533,34445845,12/5/2016 6:01:07 AM,Completed,Javier,Velasquez,,po box 2717,,gardena,California,90247,,US,4242304355,javiervelazquez1985@yahoo.com,69.98,0.00,69.98,6.30,0.00,76.28,,,Myself,Ordered,Javier,Velasquez,,p.o. box 2717,,gardena,California,90247,,US,4242304355,69.98,0.00,69.98,0.00,Ground,6.30,76.28,,Ordered,91886,1-800-FLOWERS&REG; PRINCESS PAWS™,,1,49.99,49.99,0.00,49.99
10164533,34445845,12/5/2016 6:01:07 AM,Completed,Javier,Velasquez,,po box 2717,,gardena,California,90247,,US,4242304355,javiervelazquez1985@yahoo.com,69.98,0.00,69.98,6.30,0.00,76.28,,,Myself,Ordered,Javier,Velasquez,,p.o. box 2717,,gardena,California,90247,,US,4242304355,69.98,0.00,69.98,0.00,Ground,6.30,76.28,,Ordered,ADD-CHOC-L,ASSORTED CHOCOLATES,Size: Large ,1,19.99,19.99,0.00,19.99

10164094,28122444,12/1/2016 8:27:29 PM,Completed,Theodore,Scheumann,"Verity Build, Inc.",20950 South Normandie Ave. Unit A,,Torrance,California,90502,,US,310-375-2080,jennifer@veritybaths.com,254.95,50.99,203.96,24.75,70.95,299.66,Verity,,Joanna & Graham Edwards,Ordered,Joanna & Graham,Edwards,,900 Ynez Ave.,,Redondo Beach,California,90277,,US,3107220902,49.99,10.00,39.99,12.99,Ground,4.77,57.75,,Ordered,BF222-11KM,TROPICAL SOPHISTICATION,,1,49.99,49.99,10.00,39.99
10164094,28122444,12/1/2016 8:27:29 PM,Completed,Theodore,Scheumann,"Verity Build, Inc.",20950 South Normandie Ave. Unit A,,Torrance,California,90502,,US,310-375-2080,jennifer@veritybaths.com,254.95,50.99,203.96,24.75,70.95,299.66,Verity,,Billy & Estella Tieman,Ordered,Estella & Billy,Tieman,,5601 Michelle Dr.,,Torrance,California,90503,,US,3109999971,49.99,10.00,39.99,12.99,Ground,4.77,57.75,,Ordered,BF222-11KM,TROPICAL SOPHISTICATION,,1,49.99,49.99,10.00,39.99
10164094,28122444,12/1/2016 8:27:29 PM,Completed,Theodore,Scheumann,"Verity Build, Inc.",20950 South Normandie Ave. Unit A,,Torrance,California,90502,,US,310-375-2080,jennifer@veritybaths.com,254.95,50.99,203.96,24.75,70.95,299.66,Verity,,Hank & Stephanie Reed,Ordered,Stephanie & Hank,Reed,,4023 Rousseau Ln.,,PVP,California,90274,,US,3107506253,49.99,10.00,39.99,15.99,Ground,5.04,61.02,,Ordered,BF222-11KM,TROPICAL SOPHISTICATION,,1,49.99,49.99,10.00,39.99
10164094,28122444,12/1/2016 8:27:29 PM,Completed,Theodore,Scheumann,"Verity Build, Inc.",20950 South Normandie Ave. Unit A,,Torrance,California,90502,,US,310-375-2080,jennifer@veritybaths.com,254.95,50.99,203.96,24.75,70.95,299.66,Verity,,Greg and Diana Hagerman,Ordered,Diana & Greg,Hagerman,,313 Avenida Atezada,(310) 373-9088,Redondo Beach,California,90277,,US,3103739088,49.99,10.00,39.99,12.99,Ground,4.77,57.75,,Ordered,BF222-11KM,TROPICAL SOPHISTICATION,,1,49.99,49.99,10.00,39.99
10164094,28122444,12/1/2016 8:27:29 PM,Completed,Theodore,Scheumann,"Verity Build, Inc.",20950 South Normandie Ave. Unit A,,Torrance,California,90502,,US,310-375-2080,jennifer@veritybaths.com,254.95,50.99,203.96,24.75,70.95,299.66,Verity,,Takumi & Ema Kishita,Ordered,Ema & Takumi,Kishita,,26640 Basswood Ave.,,RPV,California,90275,,US,3103667775,54.99,10.99,44.00,15.99,Ground,5.40,65.39,,Ordered,91776M,1-800-FLOWERS&REG; RECTANGLE VASE FIELDS OF EUROPE™,Size: Medium ,1,54.99,54.99,10.99,44.00

10164054,28079865,12/1/2016 5:45:01 PM,Completed,GEOFF,HUDDLESTON,,4250 Glencoe Ave #1317,,Marina Del Rey,Washington,90292,,US,2067342257,geohudd88@hotmail.com,49.99,0.00,49.99,5.67,12.99,68.65,,,Jennifer Nasri Lexus Marketing Dept.,Ordered,Jennifer,Nasri,Lexus Corporate Offices- Marketing Department,19001 S Western Ave,,Torrance,California,90501,,US,8052523755,49.99,0.00,49.99,12.99,Ground,5.67,68.65,,Ordered,99200,1-800-FLOWERS&REG; 1 STEM WHITE PHALAENOPSIS ORCHID,,1,49.99,49.99,0.00,49.99
