Web Orders Report
Report generated on 4/17/2017

Search Criteria
Order Date From:,02/01/2016
Order Date To:,02/29/2016
Status:,-- ALL --
Customer:, 
Billing Email:,
Billing Phone:,
Recipient:, 
Recipient Phone:,
SKUL:,
Order#:,
Promotion Code:,
State:,-- Please Select --


ORDER#,BLOOMLINKORDERNO,ORDER DATE,STATUS,BILLING FIRST NAME,BILLING LAST NAME,BILLING COMPANY,BILLING ADDRESS,BILLING ADDRESS 2,BILLING CITY,BILLING STATE,BILLING ZIP,BILLING REGION,BILLING COUNTRY,BILLING PHONE,EMAIL,ORDER MERCHANDISE SUBTOTAL,ORDER DISCOUNT,ORDER SUBTOTAL,ORDER TAX,ORDER SHIPPING,ORDER TOTAL,PROMOTION CODE,,LABEL,RECIPIENT STATUS,FIRST NAME,LAST NAME,COMPANY,ADDRESS 1,ADDRESS 2,CITY,STATE,ZIP,REGION,COUNTRY,PHONE,MERCHANDISE SUBTOTAL,DISCOUNT,SUBTOTAL,SHIPPING,SHIPPING METHOD,TAX,TOTAL,,ITEM STATUS,SKU,ITEM NAME,ATTRIBUTES,QUANTITY,PRICE,ITEM SUBTOTAL,ITEM DISCOUNT,ITEM TOTAL
10103886,92028658,2/29/2016 7:03:54 PM,Completed,yousif,kurdi,,8664 Falmouth Ave,,Los Angeles,California,90293,,US,310-727-9543,yousifk@ucla.edu,54.99,0.00,54.99,6.12,12.99,74.10,,,Alessandra Giugliano,Ordered,yousif,Kurdi,Equinox South Bay,"5400 W Rosecrans AVE,",,Hawthorne,California,90250,,US,310-727-9543,54.99,0.00,54.99,12.99,Ground,6.12,74.10,,Ordered,BF377-11KL,DAISY & ROSE DELIGHT,Size: Large ,1,54.99,54.99,0.00,54.99

10103753,92011772,2/29/2016 5:24:26 AM,Completed,Catherine,Hoffman,,811 Loma Drive,,Hermosa Beach,California,90254,,US,310-722-6212,cathychoff@yahoo.com,54.99,0.00,54.99,6.12,12.99,74.10,,,Carolyn Petty,Ordered,Carolyn,Petty,,938 7th Street,,Hermosa Beach,California,90254,,US,310-722-6212,54.99,0.00,54.99,12.99,Ground,6.12,74.10,,Ordered,95264 M,1-800-FLOWERS&REG; COSMOPOLITAN BOUQUET&REG;,Size: Medium ,1,54.99,54.99,0.00,54.99

10103697,92006792,2/28/2016 8:15:53 PM,Completed,Frank,Abbadessa,,1006 Ocean Ave #4,,Seal Beach,California,90740,,US,562-754-2099,fradessa@yahoo.com,69.98,0.00,69.98,7.47,12.99,90.44,,,Nicole,Ordered,Nicole,Fragoso,The Sofa Company,2200 Artesia Blvd,,Redondo Beach,California,90278,,US,310-752-0411,69.98,0.00,69.98,12.99,,7.47,90.44,,Ordered,BF231-11KM,1 DOZEN ROSES - RED,,1,59.99,59.99,0.00,59.99
10103697,92006792,2/28/2016 8:15:53 PM,Completed,Frank,Abbadessa,,1006 Ocean Ave #4,,Seal Beach,California,90740,,US,562-754-2099,fradessa@yahoo.com,69.98,0.00,69.98,7.47,12.99,90.44,,,Nicole,Ordered,Nicole,Fragoso,The Sofa Company,2200 Artesia Blvd,,Redondo Beach,California,90278,,US,310-752-0411,69.98,0.00,69.98,12.99,,7.47,90.44,,Ordered,ADD-CHOC-S,ASSORTED CHOCOLATES,Size: Small ,1,9.99,9.99,0.00,9.99

10103608,91996472,2/27/2016 6:30:25 PM,Completed,Jacob,Anderson,,500 Kelly mill Rd #161,,Valparaiso,Florida,32580,,US,863-781-5028,irishthug.anderson@gmail.com,54.97,0.00,54.97,6.12,12.99,74.08,,,Heather Ray,Ordered,Heather,Ray,,2513 Harriman Lane #4,,Redondo Beach,California,90278,,US,863-781-5028,54.97,0.00,54.97,12.99,,6.12,74.08,,Ordered,BF257-11KS,SUGAR & SWEET BOUQUET,Size: Small ,1,34.99,34.99,0.00,34.99
10103608,91996472,2/27/2016 6:30:25 PM,Completed,Jacob,Anderson,,500 Kelly mill Rd #161,,Valparaiso,Florida,32580,,US,863-781-5028,irishthug.anderson@gmail.com,54.97,0.00,54.97,6.12,12.99,74.08,,,Heather Ray,Ordered,Heather,Ray,,2513 Harriman Lane #4,,Redondo Beach,California,90278,,US,863-781-5028,54.97,0.00,54.97,12.99,,6.12,74.08,,Ordered,ADD-CHOC-S,ASSORTED CHOCOLATES,Size: Small ,1,9.99,9.99,0.00,9.99
10103608,91996472,2/27/2016 6:30:25 PM,Completed,Jacob,Anderson,,500 Kelly mill Rd #161,,Valparaiso,Florida,32580,,US,863-781-5028,irishthug.anderson@gmail.com,54.97,0.00,54.97,6.12,12.99,74.08,,,Heather Ray,Ordered,Heather,Ray,,2513 Harriman Lane #4,,Redondo Beach,California,90278,,US,863-781-5028,54.97,0.00,54.97,12.99,,6.12,74.08,,Ordered,ADD-PLUSH-S,ASSORTED PLUSH,Size: Small ,1,9.99,9.99,0.00,9.99

10103318,91960895,2/25/2016 10:54:30 PM,Completed,Carrie,Nichols,,302 W Imperial Ave,,El Segundo,California,90245,,US,714-335-7257,egan_carrie@yahoo.com,39.99,0.00,39.99,4.77,12.99,57.75,,,Kelly Bockrath,Ordered,Kelly,Bockrath,,519 Anita St,,Redondo Beach,California,90278,,US,714-335-7257,39.99,0.00,39.99,12.99,Ground,4.77,57.75,,Ordered,BF151-11KM,SUNRISE IN THE TROPICS,,1,39.99,39.99,0.00,39.99

10103263,91956227,2/25/2016 7:59:50 PM,Completed,Theodore,Scheumann,"Verity Build, Inc.",20950 South Normandie Ave. Unit A,,Torrance,California,90502,,US,310-375-2080,jennifer@veritybaths.com,199.96,0.00,199.96,22.95,54.96,277.87,,,Monika & Scott Drozd,Ordered,Monika & Scott,Drozd,,1722 Harriman Ln.,,Redondo Beach,California,90278,,US,603-520-5858,49.99,0.00,49.99,12.99,Ground,5.67,68.65,,Ordered,BF222-11KM,TROPICAL SOPHISTICATION,,1,49.99,49.99,0.00,49.99
10103263,91956227,2/25/2016 7:59:50 PM,Completed,Theodore,Scheumann,"Verity Build, Inc.",20950 South Normandie Ave. Unit A,,Torrance,California,90502,,US,310-375-2080,jennifer@veritybaths.com,199.96,0.00,199.96,22.95,54.96,277.87,,,Faith & Hope Stapleton,Ordered,Faith & Hope,Stapleton,,3656 Hightide Dr.,,RPV,California,90275,,US,310-544-2790,49.99,0.00,49.99,15.99,Ground,5.94,71.92,,Ordered,BF222-11KM,TROPICAL SOPHISTICATION,,1,49.99,49.99,0.00,49.99
10103263,91956227,2/25/2016 7:59:50 PM,Completed,Theodore,Scheumann,"Verity Build, Inc.",20950 South Normandie Ave. Unit A,,Torrance,California,90502,,US,310-375-2080,jennifer@veritybaths.com,199.96,0.00,199.96,22.95,54.96,277.87,,,Carol & Pete DEath,Ordered,Carol & Pete,D'Eath,,2706 185th St,,Redondo Beach,California,90278,,US,310-542-6970,49.99,0.00,49.99,12.99,Ground,5.67,68.65,,Ordered,BF222-11KM,TROPICAL SOPHISTICATION,,1,49.99,49.99,0.00,49.99
10103263,91956227,2/25/2016 7:59:50 PM,Completed,Theodore,Scheumann,"Verity Build, Inc.",20950 South Normandie Ave. Unit A,,Torrance,California,90502,,US,310-375-2080,jennifer@veritybaths.com,199.96,0.00,199.96,22.95,54.96,277.87,,,Janet & Ron Tajii,Ordered,Janet & Ron,Tajii,,20533 Wayne Ave.,,Torrance,California,90503,,US,310-540-1337,49.99,0.00,49.99,12.99,Ground,5.67,68.65,,Ordered,BF222-11KM,TROPICAL SOPHISTICATION,,1,49.99,49.99,0.00,49.99

10101269,91722520,2/16/2016 2:57:54 PM,Completed,Lena,Sanchez,,20531 Campaign Drive Apt. 28G,,Carson,California,90746,,US,310-970-2201,18lei.ls@gmail.com,79.99,0.00,79.99,8.37,12.99,101.35,,,Dinah Grajales,Ordered,Dinah,Grajales,Wiseburn Child Development Center,5309 West 135th Street,,Hawthorne,California,90250,,US,310-780-6082,79.99,0.00,79.99,12.99,Ground,8.37,101.35,,Ordered,91116L,1-800-FLOWERS® PINK ROSE AND LILY CUBE BOUQUET,Size: Large ,1,79.99,79.99,0.00,79.99

10101147,91657841,2/15/2016 9:25:47 PM,Completed,Daniel,Morris,,11660 church street #712,,Rancho cucamonga,California,91730,,US,323-574-5634,drmorris@lasd.org,69.99,0.00,69.99,7.47,12.99,90.45,,,Samantha Borghi,Ordered,Samantha,Borghi,,2929 west 190 th street #209,Sun Harbor apartment complex,Redondo beach,California,90278,,US,323-574-5634,69.99,0.00,69.99,12.99,Ground,7.47,90.45,,Ordered,143166L,1-800-FLOWERS®SUNFLOWER GARDEN BOUQUET&TRADE;,Size: Large ,1,69.99,69.99,0.00,69.99

10101107,91646943,2/15/2016 7:02:47 PM,Completed,JESUS,PEREZ,,1305 w 130 th st,,COMPTON,California,90222,,US,310-714-6273,jes90222@sbcglobal.net,69.99,0.00,69.99,7.47,12.99,90.45,,,Rosario perez,Ordered,Rosario,Perez,CVS Pharmacy,222 n market st,,"Inglewood,",California,90301,,US,310-671-0441,69.99,0.00,69.99,12.99,Ground,7.47,90.45,,Ordered,BF116-11KL,YOU'RE FOREVER IN MY HEART,Size: Large ,1,69.99,69.99,0.00,69.99

10100881,91564879,2/14/2016 10:03:27 PM,Completed,Monika,Lupercio,,12700 Cranbrook Ave.,Apt. #A,Hawthorne,California,90250,,US,424-456-0341,mimi.lupercio5@gmail.com,44.99,0.00,44.99,5.22,12.99,63.20,,,Rosa de la Torre,Ordered,Rosa,de la Torre,,12700 Cranbrook Ave.,Apt. #A,Hawthorne,California,90250,,US,424-456-0341,44.99,0.00,44.99,12.99,Ground,5.22,63.20,,Ordered,BF84-11KM,PINK PETALS BOUQUET,Size: Medium ,1,44.99,44.99,0.00,44.99

10100810,91554427,2/14/2016 7:40:07 PM,Completed,Johaly,Marte,,565w 171st,,New York,New York,10032,,US,9177831826,jolymarte@gmail.com,179.98,0.00,179.98,17.37,12.99,210.34,,,Johaly marte,Ordered,Vigleyris,Araujo,,1512 hermosa ave,,Los Angeles,California,90254,,US,9293296767,179.98,0.00,179.98,12.99,,17.37,210.34,,Ordered,1122RD,1-800-FLOWERS® 2 DOZEN RED ROSE ELEGANCE™ PREMIUM DOZEN ROSES,,1,159.99,159.99,0.00,159.99
10100810,91554427,2/14/2016 7:40:07 PM,Completed,Johaly,Marte,,565w 171st,,New York,New York,10032,,US,9177831826,jolymarte@gmail.com,179.98,0.00,179.98,17.37,12.99,210.34,,,Johaly marte,Ordered,Vigleyris,Araujo,,1512 hermosa ave,,Los Angeles,California,90254,,US,9293296767,179.98,0.00,179.98,12.99,,17.37,210.34,,Ordered,ADD-PLUSH-M,ASSORTED PLUSH,Size: Medium ,1,19.99,19.99,0.00,19.99

10100712,91547268,2/14/2016 6:01:18 PM,Completed,Stephen,Denner,,15219 Doty Ave,,Lawndale,California,90260,,US,310-916-6920,sdenner@gmail.com,149.98,0.00,149.98,13.50,0.00,163.48,,,Myself,Ordered,Stephen,Denner,,15219 Doty Ave,,Lawndale,California,90260,,US,310-916-6920,149.98,0.00,149.98,0.00,Ground,13.50,163.48,,Ordered,90303M,1-800-FLOWERS&REG; CLASSIC ALL WHITE ARRANGEMENT,Size: Medium ,1,79.99,79.99,0.00,79.99
10100712,91547268,2/14/2016 6:01:18 PM,Completed,Stephen,Denner,,15219 Doty Ave,,Lawndale,California,90260,,US,310-916-6920,sdenner@gmail.com,149.98,0.00,149.98,13.50,0.00,163.48,,,Myself,Ordered,Stephen,Denner,,15219 Doty Ave,,Lawndale,California,90260,,US,310-916-6920,149.98,0.00,149.98,0.00,Ground,13.50,163.48,,Ordered,BF165-11KM,NEW VICTORIAN ROMANCE,,1,69.99,69.99,0.00,69.99

10100553,91534192,2/14/2016 3:02:17 PM,Completed,Alfredo,Rocha,,11339 Louise Ave  Apt 2,,Lynwood,California,90262,,US,323-503-7575,arocha1289@gmail.com,59.99,0.00,59.99,6.57,12.99,79.55,,,Myrella Rocha,Ordered,Myrella,Rocha,Skechers,19111 S Vermont Ave,,Torrance,California,90502,,US,323-503-7575,59.99,0.00,59.99,12.99,Ground,6.57,79.55,,Ordered,BF104-11KM,MY ROSY VALENTINE,Size: Medium ,1,59.99,59.99,0.00,59.99

10100454,91520410,2/14/2016 9:18:36 AM,Completed,Mark,Kirgis,,1620 Artesia Blvd,Apt 5,Redondo Beach,California,90278,,US,631-624-7900,mark.kirgis@gmail.com,94.97,0.00,94.97,9.72,12.99,117.68,,,Jillian Cheng,Ordered,Jillian,Cheng,,1620 Artesia Blvd,Apt 5,Redondo Beach,California,90278,,US,631-624-7900,94.97,0.00,94.97,12.99,,9.72,117.68,,Ordered,95161,1-800-FLOWERS® LUCKY IN LOVE™,,1,74.99,74.99,0.00,74.99
10100454,91520410,2/14/2016 9:18:36 AM,Completed,Mark,Kirgis,,1620 Artesia Blvd,Apt 5,Redondo Beach,California,90278,,US,631-624-7900,mark.kirgis@gmail.com,94.97,0.00,94.97,9.72,12.99,117.68,,,Jillian Cheng,Ordered,Jillian,Cheng,,1620 Artesia Blvd,Apt 5,Redondo Beach,California,90278,,US,631-624-7900,94.97,0.00,94.97,12.99,,9.72,117.68,,Ordered,ADD-CHOC-S,ASSORTED CHOCOLATES,Size: Small ,1,9.99,9.99,0.00,9.99
10100454,91520410,2/14/2016 9:18:36 AM,Completed,Mark,Kirgis,,1620 Artesia Blvd,Apt 5,Redondo Beach,California,90278,,US,631-624-7900,mark.kirgis@gmail.com,94.97,0.00,94.97,9.72,12.99,117.68,,,Jillian Cheng,Ordered,Jillian,Cheng,,1620 Artesia Blvd,Apt 5,Redondo Beach,California,90278,,US,631-624-7900,94.97,0.00,94.97,12.99,,9.72,117.68,,Ordered,ADD-PLUSH-S,ASSORTED PLUSH,Size: Small ,1,9.99,9.99,0.00,9.99

10100117,91490830,2/13/2016 10:51:24 PM,Completed,george,urquiza,,603 n. chester ave,,compton,California,90221,,US,310-766-8194,hubking21@gmail.com,49.99,0.00,49.99,5.67,12.99,68.65,,,veronica reyes,Ordered,veronica,reyes,providence little company of mart,4101 Torrance Blvd,,torrance,California,90503,,US,310-540-7676,49.99,0.00,49.99,12.99,Ground,5.67,68.65,,Ordered,BF104-11KS,MY ROSY VALENTINE,Size: Small ,1,49.99,49.99,0.00,49.99

10100115,91490579,2/13/2016 10:47:05 PM,Completed,Dylan,Mibu,,209 N. Rowell Ave.,,Manhattan Beach,California,90266,,US,3103726591,dylanmibu@gmail.com,39.99,0.00,39.99,3.60,0.00,43.59,,,Myself,Ordered,Dylan,Mibu,,209 N. Rowell Ave.,,Manhattan Beach,California,90266,,US,3103726591,39.99,0.00,39.99,0.00,,3.60,43.59,,Ordered,BF298-11KS,ROMANCE WISHES,Size: Small ,1,39.99,39.99,0.00,39.99

10100084,91488328,2/13/2016 10:03:42 PM,Completed,Scott,Franze,,8351 E. Truckee Way,,Anaheim,California,92808,,US,714-281-9740,scottf99@gmail.com,79.99,0.00,79.99,7.20,0.00,87.19,,,Myself,Ordered,Scott,Franze,,8351 E. Truckee Way,,Anaheim,California,92808,,US,714-281-9740,79.99,0.00,79.99,0.00,Ground,7.20,87.19,,Ordered,1120RD,1-800-FLOWERS® 1 DOZEN ROSES RED ROSE ELEGANCE™ PREMIUM,,1,79.99,79.99,0.00,79.99

10100024,91485079,2/13/2016 9:10:08 PM,Completed,Isaiah,Tadepa,,4706 W. 163rd Street,,Lawndale,California,90260,,US,310-809-2967,isaiahtadepa@gmail.com,49.99,0.00,49.99,4.50,0.00,54.49,,,Myself,Ordered,Isaiah,Tadepa,,4706 W 163rd Street,,Lawndale,California,90260,,US,310-809-2967,49.99,0.00,49.99,0.00,Ground,4.50,54.49,,Ordered,BF376-11KM,PINK PERFECTION BOUQUET,Size: Medium ,1,49.99,49.99,0.00,49.99

10099939,91480101,2/13/2016 7:53:15 PM,Completed,Janice,Babaran,,15331 S. Ainsworth Street,,Gardena,California,90247,,US,310-324-5588,jpbabaran@hotmail.com,34.99,0.00,34.99,4.32,12.99,52.30,,,Erlinda Babaran,Ordered,Erlinda,Babaran,,15331 S. Ainsworth Street,,Gardena,California,90247,,US,310-324-5588,34.99,0.00,34.99,12.99,Ground,4.32,52.30,,Ordered,BF84-11KS,PINK PETALS BOUQUET,Size: Small ,1,34.99,34.99,0.00,34.99

10099741,91466334,2/13/2016 5:30:17 PM,Completed,Eric,Ryan,,3618 alma avenue,,manhattan beach,California,90266,,US,310-650-6192,e_ryan@cox.net,49.99,0.00,49.99,4.50,0.00,54.49,,,Myself,Ordered,Eric,Ryan,,3618 alma avenue,,manhattan beach,California,90266,,US,310-650-6192,49.99,0.00,49.99,0.00,Ground,4.50,54.49,,Ordered,BF341-11KM,SHIMMERING ROMANCE,,1,49.99,49.99,0.00,49.99

10099257,91312388,2/13/2016 4:58:10 AM,Completed,Adrian,Burgos,,8322 Cherokee Drive,,Donwey,California,90241,,US,562-299-2452,am_burgos@hotmail.com,159.99,0.00,159.99,15.57,12.99,188.55,,,Araceli Robles,Ordered,Araceli,Robles,,2816 Carlsbad Street,,Redondo Beach,California,90278,,US,562-299-2452,159.99,0.00,159.99,12.99,Ground,15.57,188.55,,Ordered,BF233-11KM,2 DOZEN ROSES - RED,,1,159.99,159.99,0.00,159.99

10099246,91307429,2/13/2016 4:31:17 AM,Completed,Mathew,McNulty,,2420 Mathews Ave,Unit C,Redondo Beach,California,90278,,US,562-762-5677,mcnultypsi@hotmail.com,79.99,0.00,79.99,8.37,12.99,101.35,,,Nikki McNulty,Ordered,Nikki,McNulty,,2420 Mathews Ave,Unit C,90278,California,90278,,US,832-372-9355,79.99,0.00,79.99,12.99,Ground,8.37,101.35,,Ordered,BF104-11KL,MY ROSY VALENTINE,Size: Large ,1,79.99,79.99,0.00,79.99

10099063,91252310,2/13/2016 12:12:37 AM,Completed,Kelsey,parigian,,1032 Avenue A,,Redondo Beach,California,90277,,US,310-947-1924,philiptaveira@hotmail.com,49.99,0.00,49.99,5.67,12.99,68.65,,,Kelsey Parigian,Ordered,Kelsey,parigian,,1032 Avenue A,,Redondo Beach,California,90277,,US,310-947-1924,49.99,0.00,49.99,12.99,Ground,5.67,68.65,,Ordered,105651M,1-800-FLOWERS&REG; IT'S MY BIRTHDAY™,Size: Medium ,1,49.99,49.99,0.00,49.99

10099054,91252344,2/13/2016 12:07:26 AM,Completed,Arevik,Chimayan,,12238 Miranda St,,Valley Village,California,91607,,US,818-287-5083,arevik.chimayan@rovicorp.com,129.99,0.00,129.99,12.87,12.99,155.85,,,Paul Yee,Ordered,Paul,Yee,,2549W 190th Street,,Torrance,California,90504,,US,626-665-1865,129.99,0.00,129.99,12.99,Ground,12.87,155.85,,Ordered,BF326-11KL,LARGE OPEN ROUND STANDING SPRAY - ALL WHITE,Size: Large ,1,129.99,129.99,0.00,129.99

10098910,91227438,2/12/2016 10:28:11 PM,Completed,Megan,Magallanes,,2929 West 190th Street,#137,Redondo Beach,California,90278,,US,424-744-0879,meganm6832@gmail.com,39.99,0.00,39.99,4.77,12.99,57.75,,,Omar Butler,Ordered,Omar,Butler,,2929 West 190th Street,#137,Redondo Beach,California,90278,,US,424-744-0879,39.99,0.00,39.99,12.99,Ground,4.77,57.75,,Ordered,BF426-11KM,SUNFLOWER ABUNDANCE BOUQUET,,1,39.99,39.99,0.00,39.99

10098067,91109410,2/12/2016 3:48:23 PM,Completed,Wesley,Hansen,,1301 18th St.,,Manhattan Beach,California,90266,,US,310-546-5256,wjh24@hotmail.com,74.99,0.00,74.99,6.75,0.00,81.74,,,Myself,Ordered,Wesley,Hansen,,1301 18th St.,,Manhattan Beach,California,90266,,US,310-546-5256,74.99,0.00,74.99,0.00,Ground,6.75,81.74,,Ordered,BF232-11KM,1 1/2 DOZEN ROSES - RED,,1,74.99,74.99,0.00,74.99

10098039,91104829,2/12/2016 3:35:37 PM,Completed,Sharon,Swayze,,4245 Cadmium Drive,,Cumming,Georgia,30040,,US,7707144026,shayswayze@ymail.com,49.99,0.00,49.99,5.67,12.99,68.65,,,Broxon Quattlebaum,Ordered,Broxon,Quattlebaum,,"1928 Ruhland Ave., Unit A",,Redondo Beach,California,90278,,US,323-388-6582,49.99,0.00,49.99,12.99,Ground,5.67,68.65,,Ordered,BF380-11KMBB,YOU LIFT MY HEART BOUQUET,Size: Large ,1,49.99,49.99,0.00,49.99

10097594,90987794,2/12/2016 6:24:47 AM,Completed,Gordon,Payne,1972,14427 Lemoli ave,#12,HAWTHORNe,California,90250,,US,310-351-6281,gazeone21@yahoo.com,79.99,0.00,79.99,8.37,12.99,101.35,,,Nikki Bernedt,Ordered,Nikki,Bernedt,Mira Costa high school,1401 Artesia Blvd,,Manhattan Beach,California,90266,,US,310-351-6281,79.99,0.00,79.99,12.99,Ground,8.37,101.35,,Ordered,BF231-11KM,1 DOZEN ROSES - RED,,1,79.99,79.99,0.00,79.99

10097479,90951149,2/12/2016 3:26:34 AM,Completed,Benjamin,LeGrand,,320 telegraph canyon  Rd apt79,,chula vista,California,91910,,US,404-993-6831,benlegrand87@yahoo.com,109.98,0.00,109.98,11.07,12.99,134.04,,,Tiffany Jenkins,Ordered,Tiffany,Jenkins,Living spaces,1519 Hawthorne Boulevard,,Redondo Beach,California,90278,,US,310-345-8106,109.98,0.00,109.98,12.99,,11.07,134.04,,Ordered,146500M,1-800-FLOWERS® KEY TO MY HEART®,Size: Medium ,1,79.99,79.99,0.00,79.99
10097479,90951149,2/12/2016 3:26:34 AM,Completed,Benjamin,LeGrand,,320 telegraph canyon  Rd apt79,,chula vista,California,91910,,US,404-993-6831,benlegrand87@yahoo.com,109.98,0.00,109.98,11.07,12.99,134.04,,,Tiffany Jenkins,Ordered,Tiffany,Jenkins,Living spaces,1519 Hawthorne Boulevard,,Redondo Beach,California,90278,,US,310-345-8106,109.98,0.00,109.98,12.99,,11.07,134.04,,Ordered,ADD-PLUSH-L,ASSORTED PLUSH,Size: Large ,1,29.99,29.99,0.00,29.99

10097372,90926709,2/12/2016 1:38:09 AM,Completed,Jonathan,Anderle,,2215 Gates Ave Apt B,,Redondo Beach,California,90278,,US,3108495976,janderle@pacbell.net,79.99,0.00,79.99,8.37,12.99,101.35,,,Adrienne Anderle,Ordered,Adrienne,Anderle,,2215 Gates Ave Apt B,,Redondo Beach,California,90278,,US,3108495976,79.99,0.00,79.99,12.99,Ground,8.37,101.35,,Ordered,BF104-11KL,MY ROSY VALENTINE,Size: Large ,1,79.99,79.99,0.00,79.99

10097361,90923103,2/12/2016 1:25:44 AM,Completed,James,Greaves,,21221 harvard blvd,,torrance,California,90501,,US,310-754-0205,jbgreaves@yahoo.com,39.99,0.00,39.99,4.77,12.99,57.75,,,Kate Vu,Ordered,Kate,Vu,Supercuts,19800 Hawthorne Blvd,Ste 204,Torrance,California,90503,,US,310-754-0205,39.99,0.00,39.99,12.99,Ground,4.77,57.75,,Ordered,BF403-11KM,GARDEN IVY BASKET,,1,39.99,39.99,0.00,39.99

10097158,90876212,2/11/2016 10:19:13 PM,Completed,orlando,pereira,,5563 Spahn Avenue,,Lakewood,California,90713,,US,5622404542,orlndo@hotmail.com,59.99,0.00,59.99,5.40,0.00,65.39,,,Cece,Ordered,orlando,pereira,,5563 spahn ave,,lakewood,California,90713,,US,562-240-4542,59.99,0.00,59.99,0.00,,5.40,65.39,,Ordered,BF297-11KL,ALL MY LOVE,Size: Large ,1,59.99,59.99,0.00,59.99

10096470,90762417,2/11/2016 2:56:24 PM,Completed,Kenya,Walter,,14916 Condon Ave 4,,Lawndale,California,90260,,US,310-798-8631,kenya.walter@gmail.com,39.99,0.00,39.99,4.77,12.99,57.75,,,LaShanna Walter,Ordered,LaShanna,Walter,Jefferson Elementry School,600 Harkness Ln,,Redondo Beach,California,90278,,US,310-798-8631,39.99,0.00,39.99,12.99,Ground,4.77,57.75,,Ordered,BF305-11KM,ELEGANCE & ROMANCE,,1,39.99,39.99,0.00,39.99

10096295,90689116,2/11/2016 6:40:24 AM,Completed,Darrell,Arellano,,26900 Winchester Creek Ave,Apt# 9307,Murrieta,California,92563,,US,951-375-9826,cinerary1299@yahoo.com,34.99,0.00,34.99,4.32,12.99,52.30,,,angelica walsh,Ordered,Angelica,Walsh,,527 N Prospect Ave,,Redondo Beach,California,90277,,US,901-849-0124,34.99,0.00,34.99,12.99,Ground,4.32,52.30,,Ordered,BF281-11KM,PRETTY BACKYARD BOUQUET - FALL,,1,34.99,34.99,0.00,34.99

10096134,90646773,2/11/2016 2:08:13 AM,Completed,Pasan,Kahandawa,,8601 Sunland Blvd #7,,Sun Valley,California,91352,,US,818-476-2666,pasan.kahandawa@gmail.com,79.99,0.00,79.99,8.37,12.99,101.35,,,Heather Lord,Ordered,Heather,Lord,Murad,2141 Rosecrans Ave #6100,,El Segundo,California,90245,,US,310-602-9745,79.99,0.00,79.99,12.99,Ground,8.37,101.35,,Ordered,BF114-11KL,ELEGANCE BOUQUET,Size: Large ,1,79.99,79.99,0.00,79.99

10095614,90537161,2/10/2016 5:45:30 PM,Completed,Marian,Stimson,,6800 NW 84th Avenue,,Johnston,California,50131,,US,714-272-1114,marian.stimson@gmail.com,124.99,0.00,124.99,12.42,12.99,150.40,,,Nancy Capps,Ordered,Nancy,Capps,Shorewood Realtor,413 Avenue G.,Unit 1,Redondo Beach,California,90277,,US,310-480-4715,124.99,0.00,124.99,12.99,Ground,12.42,150.40,,Ordered,91351L,1-800-FLOWERS&REG; GARDEN OF GRANDEUR™,Size: Large ,1,124.99,124.99,0.00,124.99

10095584,90530736,2/10/2016 5:17:44 PM,Completed,Julie,Russell,,2622 Vista Drive,,Newport Beach,California,92663,,US,949-973-1300,julierussell78@gmail.com,129.98,0.00,129.98,14.04,25.98,170.00,,,Paige Nelson,Ordered,Paige,Nelson,,615 Knob Hill Avenue,,Redondo Beach,California,90277,,US,9499731300,59.99,0.00,59.99,12.99,Ground,6.57,79.55,,Ordered,103911,1-800-FLOWERS® LOVE PUP™,,1,59.99,59.99,0.00,59.99
10095584,90530736,2/10/2016 5:17:44 PM,Completed,Julie,Russell,,2622 Vista Drive,,Newport Beach,California,92663,,US,949-973-1300,julierussell78@gmail.com,129.98,0.00,129.98,14.04,25.98,170.00,,,Shawni Young,Ordered,Shawni,Young,,615 Knob Hill Avenue,,Redondo Beach,California,90277,,US,949-973-1300,69.99,0.00,69.99,12.99,Ground,7.47,90.45,,Ordered,100279L,1-800-FLOWERS® LOVE POTION®,Size: Large ,1,69.99,69.99,0.00,69.99

10095124,90370152,2/10/2016 1:45:12 AM,Completed,Darshit,Desai,,4311 W 180th Street,,Torrance,California,90504,,US,323-397-2843,darshit_desai@yahoo.com,39.99,0.00,39.99,3.60,0.00,43.59,,,Myself,Ordered,Darshit,Desai,,4311 W 180th Street,,Torrance,California,90504,,US,323-397-2843,39.99,0.00,39.99,0.00,Ground,3.60,43.59,,Ordered,BF400-11KM,MY VALENTINE ROSE PLANTER,,1,39.99,39.99,0.00,39.99

10094603,90235743,2/9/2016 3:35:03 PM,Completed,Ian,Leslie,,2608 Curtis Ave,Apt B,Redondo Beach,California,90278,,US,3108637127,ianleslie@me.com,129.99,0.00,129.99,11.70,0.00,141.69,,,Myself,Ordered,Ian,Leslie,,2608 Curtis Ave,Apt B,Redondo Beach,California,90278,,US,3108637127,129.99,0.00,129.99,0.00,Ground,11.70,141.69,,Ordered,95448L,1-800-FLOWERS&REG; LAVENDER AND WHITE ULTIMATE ELEGANCE,Size: Large ,1,129.99,129.99,0.00,129.99

10094434,90024287,2/9/2016 3:39:39 AM,Completed,Mario,Corona,,1000 W Redondo Beach Blvd,,gardena,California,90247,,US,323-448-9254,kingmario925@yahoo.com,74.99,0.00,74.99,7.92,12.99,95.90,,,Diana Corona,Ordered,Mario,Corona,,1000 W Redondo Beach Blvd,,gardena,California,90247,,US,323-448-9254,74.99,0.00,74.99,12.99,Ground,7.92,95.90,,Ordered,BF232-11KM,1 1/2 DOZEN ROSES - RED,,1,74.99,74.99,0.00,74.99

10093712,89102538,2/7/2016 2:25:38 AM,Completed,Evelyn V,Saucedo,,181 e winchester dr,,rialto,California,92376,,US,424-240-6871,eveysaucedo21@gmail.com,99.99,0.00,99.99,9.00,0.00,108.99,,,Myself,Ordered,Evelyn,Saucedo,,10507 Buford Ave,,Inglewood,California,90304,,US,424-240-6871,99.99,0.00,99.99,0.00,Ground,9.00,108.99,,Ordered,BF242-11KM,WITH LOVE BOUQUET,Size: Medium ,1,99.99,99.99,0.00,99.99

10093634,88941014,2/6/2016 6:03:04 PM,Completed,Jason,Anspach,,3611 W172nd Street,,Torrance,California,90504,,US,310-617-3893,jayaspock@hotmail.com,159.98,0.00,159.98,14.40,0.00,174.38,,,Karen Anspach,Ordered,Jason,Anspach,,3611 W172nd Street,,Torrance,California,90504,,US,310-617-3893,109.99,0.00,109.99,0.00,Ground,9.90,119.89,,Ordered,95176L,1-800-FLOWERS® BE MINE,Size: Large ,1,109.99,109.99,0.00,109.99
10093634,88941014,2/6/2016 6:03:04 PM,Completed,Jason,Anspach,,3611 W172nd Street,,Torrance,California,90504,,US,310-617-3893,jayaspock@hotmail.com,159.98,0.00,159.98,14.40,0.00,174.38,,,Christine Anspach,Ordered,Jason,Anspach,,3611 W172nd Street,,Torrance,California,90504,,US,310-617-3893,49.99,0.00,49.99,0.00,Ground,4.50,54.49,,Ordered,BF299-11KM,SWEETEST KISS,Size: Medium ,1,49.99,49.99,0.00,49.99

10093555,88727592,2/6/2016 6:17:55 AM,Completed,Jesus,Castaneda,,4214 W 159th St,,Lawndale,California,90260,,US,310-706-1319,jesus_castanedajr@yahoo.com,84.99,0.00,84.99,8.82,12.99,106.80,,,Jessica Razo,Ordered,Jessica,Razo,Western Federal Credit Union,1899 Western Way,,Torrance,California,90501,,US,310-200-2577,84.99,0.00,84.99,12.99,Ground,8.82,106.80,,Ordered,BF168-11KM,REMARKABLE ROSES GOOD WISHES,,1,84.99,84.99,0.00,84.99

10093178,88297583,2/5/2016 1:05:35 AM,Completed,Aracely,Garcia,,2337 American Avenue,,Hayward,California,94545,,US,510-606-1200,agarcia@arborwell.com,54.99,0.00,54.99,6.12,12.99,74.10,,,Bryan & Bern Churchill,Ordered,Bryan & Bern,Churchill,,1718 Wollacott St.,,Redondo Beach,California,90278,,US,510-606-1200,54.99,0.00,54.99,12.99,Ground,6.12,74.10,,Ordered,BF265-11KL,SUCCULENT GARDEN - LARGE,Size: Medium ,1,54.99,54.99,0.00,54.99

10092672,87882777,2/3/2016 7:37:59 PM,Completed,Adam,Encinas,,105 w Lincoln Ave.,,Montebello,California,90640,,US,323-500-3379,adam.encinas@yahoo.com,209.99,0.00,209.99,20.07,12.99,243.05,,,Amy,Ordered,Amy,Stevens,,2015 Manhattan Beach Blvd.,,Redondo Beach,California,90278,,US,909-261-0760,209.99,0.00,209.99,12.99,Ground,20.07,243.05,,Ordered,107334L,1-800-FLOWERS® ROSE ELEGANCE™ IN A MARQUIS BY WATERFORD® VASE,Size: Large ,1,209.99,209.99,0.00,209.99
