Web Orders Report
Report generated on 4/17/2017

Search Criteria
Order Date From:,01/01/2016
Order Date To:,01/31/2016
Status:,-- ALL --
Customer:, 
Billing Email:,
Billing Phone:,
Recipient:, 
Recipient Phone:,
SKUL:,
Order#:,
Promotion Code:,
State:,-- Please Select --


ORDER#,BLOOMLINKORDERNO,ORDER DATE,STATUS,BILLING FIRST NAME,BILLING LAST NAME,BILLING COMPANY,BILLING ADDRESS,BILLING ADDRESS 2,BILLING CITY,BILLING STATE,BILLING ZIP,BILLING REGION,BILLING COUNTRY,BILLING PHONE,EMAIL,ORDER MERCHANDISE SUBTOTAL,ORDER DISCOUNT,ORDER SUBTOTAL,ORDER TAX,ORDER SHIPPING,ORDER TOTAL,PROMOTION CODE,,LABEL,RECIPIENT STATUS,FIRST NAME,LAST NAME,COMPANY,ADDRESS 1,ADDRESS 2,CITY,STATE,ZIP,REGION,COUNTRY,PHONE,MERCHANDISE SUBTOTAL,DISCOUNT,SUBTOTAL,SHIPPING,SHIPPING METHOD,TAX,TOTAL,,ITEM STATUS,SKU,ITEM NAME,ATTRIBUTES,QUANTITY,PRICE,ITEM SUBTOTAL,ITEM DISCOUNT,ITEM TOTAL
10091748,86923997,1/31/2016 8:07:19 PM,Completed,Pamela,Brosvik,,15310 25th AVE NE,,Shoreline,Washington,98155,,US,206-992-0632,pamthegardener@hotmail.com,49.99,0.00,49.99,5.67,12.99,68.65,,,Baykee Sisawang,Ordered,Baykee,Sisawang,,2015 Curtis Ave #A,,Redondo Beach,California,90278,,US,562-881-3989,49.99,0.00,49.99,12.99,Ground,5.67,68.65,,Ordered,BF170-11KM,PEACEFUL WISHES,,1,49.99,49.99,0.00,49.99

10091467,86339692,1/29/2016 5:30:17 PM,Completed,Argishd,Parsekhian,Cigna,9770 Sombra Terrace,,Sunland,California,91040,,US,818-427-1595,Argishd.Parsekhian@cigna.com,59.99,0.00,59.99,6.57,12.99,79.55,,,Lalitha Narayanan & Family,Ordered,Lalitha,Narayanan,,1205 Harkness Lane,,Redondo Beach,California,90278,,US,818-378-7016,59.99,0.00,59.99,12.99,Ground,6.57,79.55,,Ordered,BF212-11KM,THINKING OF YOU BASKET,,1,59.99,59.99,0.00,59.99

10091361,86279766,1/29/2016 12:54:52 PM,Completed,Carol,Moore,,4250 Chamise Lane,,San Luis Obispo,California,93405,,US,310-375-0714,CAROLSLOTOWN@AOL.COM,59.99,0.00,59.99,6.57,12.99,79.55,,,Phylis Short,Ordered,Phylis,Short,,520 Via Monte Doro,,Redondo Beach,California,90277,,US,310-375-0714,59.99,0.00,59.99,12.99,Ground,6.57,79.55,,Ordered,95378M,ALL WHITE HEALING TEARS,Size: Medium ,1,59.99,59.99,0.00,59.99

10090312,86124210,1/28/2016 11:09:57 PM,Completed,Javier,Dominguez,,PO BOX 4549,,West Hills,California,91308,,US,818-269-5058,scervantes@jessicadominguez.com,99.99,0.00,99.99,10.17,12.99,123.15,,,Norma Roque & Family,Ordered,Norma,Roque,,2403 Marshallfield Lane,Apartment A,Redondo Beach,California,90278,,US,818-269-5058,99.99,0.00,99.99,12.99,Ground,10.17,123.15,,Ordered,95379L,ALL WHITE CHERISHED MEMORIES,Size: Large ,1,99.99,99.99,0.00,99.99

10090240,86084633,1/28/2016 6:59:52 PM,Completed,Ericka,Winstead,,61 Fitch Hill Road,,Uncasville,Connecticut,06382,,US,860-917-5766,erickawinstead@sbcglobal.net,39.99,0.00,39.99,4.77,12.99,57.75,,,Riki Rodriguez,Ordered,Riki,Rodriguez,,18001 Ermanita Ave,,Lawndale,California,90504,,US,310-291-6178,39.99,0.00,39.99,12.99,Ground,4.77,57.75,,Ordered,BF411-11KM,IT'S A FINE DAY BOUQUET,,1,39.99,39.99,0.00,39.99

10089965,85871543,1/27/2016 6:29:53 PM,Completed,Melate,Mekonnen,,4517 Little River Run Drive,,Annandale,Virginia,22003,,US,703-286-9082,melate_mekonnen@hotmail.com,49.98,0.00,49.98,5.67,12.99,68.64,,,Elsa Assefa,Ordered,Elsa,Assefa,,4003 W. 165th St. Apt B,,Lawndale,California,90260,,US,310-702-5549,49.98,0.00,49.98,12.99,,5.67,68.64,,Ordered,BF411-11KM,IT'S A FINE DAY BOUQUET,,1,39.99,39.99,0.00,39.99
10089965,85871543,1/27/2016 6:29:53 PM,Completed,Melate,Mekonnen,,4517 Little River Run Drive,,Annandale,Virginia,22003,,US,703-286-9082,melate_mekonnen@hotmail.com,49.98,0.00,49.98,5.67,12.99,68.64,,,Elsa Assefa,Ordered,Elsa,Assefa,,4003 W. 165th St. Apt B,,Lawndale,California,90260,,US,310-702-5549,49.98,0.00,49.98,12.99,,5.67,68.64,,Ordered,ADD-CHOC-S,ASSORTED CHOCOLATES,Size: Small ,1,9.99,9.99,0.00,9.99

10089775,85690467,1/26/2016 9:50:06 PM,Completed,Renee,Hill,,44 North Broadway,,White Plains,New York,10603,,US,717-433-3575,renee.hill0928@yahoo.com,39.99,0.00,39.99,4.77,12.99,57.75,,,Jillian Nichols,Ordered,Jillian,Nichols,,2607 Beland Blvd,,Redondo Beach,California,90278,,US,516-779-2197,39.99,0.00,39.99,12.99,Ground,4.77,57.75,,Ordered,90977S,1-800-FLOWERS&REG; FIELDS OF EUROPE™,Size: Small ,1,39.99,39.99,0.00,39.99

10089539,85519297,1/25/2016 10:55:03 PM,Completed,Daniel,Meseraull,,2439 w 237th st,,Torrance,California,90501,,US,310-947-0945,meseraull@yahoo.com,39.99,0.00,39.99,4.77,12.99,57.75,,,Stephanie Meseraull,Ordered,Stephanie,Meseraull,William Green Elementary School,4520 w 168th st,,Lawndale,California,90260,,US,310-947-0945,39.99,0.00,39.99,12.99,Ground,4.77,57.75,,Ordered,BF85-11KS,IT'S A BEAUTIFUL DAY BOUQUET,Size: Small ,1,39.99,39.99,0.00,39.99

10089360,85406114,1/25/2016 8:14:37 AM,Completed,Colleen,Delane,,Svanedamsveien 50,,Kristiansand,California,90277,,US,213-500-5060,colleen.delane@nov.com,79.99,0.00,79.99,8.37,12.99,101.35,,,Mimi Delane,Ordered,Mimi,Delaen,,737 Esplanade,,Redondo Beach,California,90277,,US,213-500-5060,79.99,0.00,79.99,12.99,Ground,8.37,101.35,,Ordered,BF242-11KM,WITH LOVE BOUQUET,Size: Medium ,1,79.99,79.99,0.00,79.99

10089302,85320377,1/24/2016 7:42:48 PM,Completed,Gary,Doss,,539 Loma Drive,,Hermosa Beach,California,90254,,US,909-659-7200,gary@garydoss.com,44.99,0.00,44.99,5.22,12.99,63.20,,,Michelle Pellitier,Ordered,Gary,Doss,,327 6th Street,,Hermosa Beach,California,90254,,US,909-659-7200,44.99,0.00,44.99,12.99,Ground,5.22,63.20,,Ordered,BF60-11KM,AUTUMN SURPRISE,,1,44.99,44.99,0.00,44.99

10089218,85148439,1/23/2016 6:04:42 PM,Completed,Ted,Seretenlos,Telogis,"20 Enterprise, Suite 100",,Aliso Viejo,California,92656,,US,7732516916,ted.serentelos@telogis.com,69.99,0.00,69.99,7.47,12.99,90.45,,,Kyle Messman,Ordered,Kyle,Messman,,3008 N. Ardmore Avenue,,Manhattan Beach,California,90266,,US,3106993597,69.99,0.00,69.99,12.99,Ground,7.47,90.45,,Ordered,95383L,"ALL WHITE PEACE, PRAYERS & BLESSINGS",Size: Large ,1,69.99,69.99,0.00,69.99

10088947,84883998,1/22/2016 1:09:08 AM,Completed,Rich,Heimann,,26092 Via Remolino,,Mission Viejo,California,92691,,US,949-510-2817,rich.heimann@gmail.com,59.99,0.00,59.99,6.57,12.99,79.55,,,Kate Campbell,Ordered,Kate,Campbell,,2208 Highland Blvd,,Manhattan Beach,California,90266,,US,949-510-2817,59.99,0.00,59.99,12.99,Ground,6.57,79.55,,Ordered,BF114-11KM,ELEGANCE BOUQUET,Size: Medium ,1,59.99,59.99,0.00,59.99

10088560,84718966,1/20/2016 3:28:29 PM,Completed,Richard J,Trainor,,44523 Potter Terrace,,Ashburn,California,20147,,US,703-858-5335,talktojt25@aol.com,49.99,0.00,49.99,5.67,12.99,68.65,,,Sean Pierce,Ordered,Sean,Pierce,Northrup-Grumman,"One Spacepark Dr, Bldg 01",,Redondo Beach,California,90278,,US,310-813-1284,49.99,0.00,49.99,12.99,Ground,5.67,68.65,,Ordered,BF172-11KM,JUST BECAUSE,,1,49.99,49.99,0.00,49.99

10088451,84605224,1/19/2016 10:49:00 PM,Completed,Kristen,Eviston,,120 E 7th Street,,Wyoming,Pennsylvania,18644,,US,310-947-7506,kpizzaz@aol.com,99.99,0.00,99.99,10.17,12.99,123.15,,,Denise DeGarceau,Ordered,Denise,DeGarceau,,637 S. Prospect Avenue #203,,Redondo Beach,California,90277,,US,310-739-1520,99.99,0.00,99.99,12.99,Ground,10.17,123.15,,Ordered,95433L,MULTICOLOR PASTEL CHERISHED MEMORIES,,1,99.99,99.99,0.00,99.99

10088322,84553651,1/19/2016 4:37:47 PM,Completed,janeth,chaux,,1601 N sepulveda Blvd,,Manhattan Beach,California,90266,,US,310-863-2156,jchauxdds@aol.com,49.99,0.00,49.99,5.67,12.99,68.65,,,Lori Moran,Ordered,Lori,Moran,,2517 Huntington Lane,Unit B,Redondo Beach,California,90278,,US,310-948-1064,49.99,0.00,49.99,12.99,Ground,5.67,68.65,,Ordered,91358M,1-800-FLOWERS&REG; PITCHER OF SUNSHINE™,Size: Medium ,1,49.99,49.99,0.00,49.99

10088174,84419778,1/18/2016 9:41:20 PM,Completed,Eric,Mendez,,12628 S. Broadway,,Los Angeles,California,90061,,US,310-905-7895,emc2809@yahoo.com,59.98,0.00,59.98,6.57,12.99,79.54,,,Lisette Velez,Ordered,Lisette,Velez,Ross,4315 Pacific Coast Hwy,,Torrance,California,90505,,US,310-905-7895,59.98,0.00,59.98,12.99,,6.57,79.54,,Ordered,BF116-11KS,YOU'RE FOREVER IN MY HEART,Size: Small ,1,49.99,49.99,0.00,49.99
10088174,84419778,1/18/2016 9:41:20 PM,Completed,Eric,Mendez,,12628 S. Broadway,,Los Angeles,California,90061,,US,310-905-7895,emc2809@yahoo.com,59.98,0.00,59.98,6.57,12.99,79.54,,,Lisette Velez,Ordered,Lisette,Velez,Ross,4315 Pacific Coast Hwy,,Torrance,California,90505,,US,310-905-7895,59.98,0.00,59.98,12.99,,6.57,79.54,,Ordered,ADD-CHOC-S,ASSORTED CHOCOLATES,Size: Small ,1,9.99,9.99,0.00,9.99

10088023,84289901,1/18/2016 4:00:20 AM,Completed,Cinthia,Mendoza,N/A,4014 w 160th St,,Lawndale,California,90260,,US,949-426-4624,mendozamaritza95@yahoo.com,89.98,0.00,89.98,10.44,25.98,126.40,,,Baudelia Becerra,Ordered,Baudelia,Becerra,N/A,4014 w 160th St,,Lawndale,California,90260,,US,949-426-4624,44.99,0.00,44.99,12.99,Ground,5.22,63.20,,Ordered,BF377-11KM,DAISY & ROSE DELIGHT,Size: Medium ,1,44.99,44.99,0.00,44.99
10088023,84289901,1/18/2016 4:00:20 AM,Completed,Cinthia,Mendoza,N/A,4014 w 160th St,,Lawndale,California,90260,,US,949-426-4624,mendozamaritza95@yahoo.com,89.98,0.00,89.98,10.44,25.98,126.40,,,Cinthia Mendoza,Ordered,Cinthia,Mendoza,N/A,4014 w 160th St,,Lawndale,California,90260,,US,949-426-4624,44.99,0.00,44.99,12.99,Ground,5.22,63.20,,Ordered,BF173-11KM,PINK 'N PRETTY BOUQUET,,1,44.99,44.99,0.00,44.99

10088015,84280301,1/18/2016 2:33:19 AM,Completed,Michael,Willhoff,,2355 Burson Road,,Topanga,California,90290,,US,310-823-1968,michaelwillhoff@gmail.com,39.99,0.00,39.99,4.77,12.99,57.75,,,David Landis,Ordered,David,Landis,,2511 Mathews Ave A,,Redondo Beach,California,90278,,US,310-750-7407,39.99,0.00,39.99,12.99,Ground,4.77,57.75,,Ordered,BF329-11KS,TRIBUTE MIXED VASE ARRANGEMENT - ALL WHITE,Size: Small ,1,39.99,39.99,0.00,39.99

10087994,84252294,1/17/2016 10:28:39 PM,Completed,Molly,Wathen,Meathead Movers,3600 South Higuera,,San Luis Obispo,California,93401,,US,805-544-6328,customerservice@meatheadmovers.com,44.99,0.00,44.99,5.22,12.99,63.20,,,Johnnie and Mandy,Ordered,Johnnie,Refvik,,211 Yacht Club Way,,Redondo Beach,California,90277,,US,917-327-6119,44.99,0.00,44.99,12.99,Ground,5.22,63.20,,Ordered,BF340-11KM,SHIMMERING CELEBRATION,,1,44.99,44.99,0.00,44.99

10087611,83780287,1/15/2016 2:40:59 AM,Completed,william,stahl,,30857 revis rd.,,coarsegold.,California,93614,,US,559-348-7644,wmstahl@sti.net,49.99,0.00,49.99,5.67,12.99,68.65,,,tomi,Ordered,tomi,takemoto,animal lovers pet shop,5141 calle mayor,,torrance,California,90505,,US,310-378-3052,49.99,0.00,49.99,12.99,Ground,5.67,68.65,,Ordered,91876,1-800-FLOWERS&REG; PARTY ANIMAL™,,1,49.99,49.99,0.00,49.99

10086439,82579682,1/7/2016 11:45:43 PM,Completed,Andrea,Zegarra,Center for Autism and Related Disorders,21600 Oxnard Street,,Woodland Hills,California,91367,,US,310-527-7300,a.zegarra@centerforautism.com,59.99,0.00,59.99,6.57,12.99,79.55,,,The Moon Family,Ordered,Andrea,Zegarra,CARD,20101 Hamilton Ave Suite 120,,Torrance,California,90502,,US,310-527-7300,59.99,0.00,59.99,12.99,Ground,6.57,79.55,,Ordered,BF329-11KL,TRIBUTE MIXED VASE ARRANGEMENT - ALL WHITE,Size: Large ,1,59.99,59.99,0.00,59.99

10086166,82353423,1/6/2016 5:01:45 PM,Completed,Belinda,Pansky,,10417 Lakewood Blvd.,,Downey,California,90241,,US,562-861-0863,linda@pipdowney.com,119.99,0.00,119.99,11.97,12.99,144.95,,,Sam Menzelos,Ordered,Sam,Menzelos,St. Katherine Greek Orthodox Church,722 Knob Hill,,Redondo Beach,California,90277,,US,3105402434,119.99,0.00,119.99,12.99,Ground,11.97,144.95,,Ordered,91202,"RED, WHITE  & BLUE MIXED FIRESIDE BASKET",,1,119.99,119.99,0.00,119.99
