Web Orders Report
Report generated on 4/17/2017

Search Criteria
Order Date From:,03/01/2016
Order Date To:,03/31/2016
Status:,-- ALL --
Customer:, 
Billing Email:,
Billing Phone:,
Recipient:, 
Recipient Phone:,
SKUL:,
Order#:,
Promotion Code:,
State:,-- Please Select --


ORDER#,BLOOMLINKORDERNO,ORDER DATE,STATUS,BILLING FIRST NAME,BILLING LAST NAME,BILLING COMPANY,BILLING ADDRESS,BILLING ADDRESS 2,BILLING CITY,BILLING STATE,BILLING ZIP,BILLING REGION,BILLING COUNTRY,BILLING PHONE,EMAIL,ORDER MERCHANDISE SUBTOTAL,ORDER DISCOUNT,ORDER SUBTOTAL,ORDER TAX,ORDER SHIPPING,ORDER TOTAL,PROMOTION CODE,,LABEL,RECIPIENT STATUS,FIRST NAME,LAST NAME,COMPANY,ADDRESS 1,ADDRESS 2,CITY,STATE,ZIP,REGION,COUNTRY,PHONE,MERCHANDISE SUBTOTAL,DISCOUNT,SUBTOTAL,SHIPPING,SHIPPING METHOD,TAX,TOTAL,,ITEM STATUS,SKU,ITEM NAME,ATTRIBUTES,QUANTITY,PRICE,ITEM SUBTOTAL,ITEM DISCOUNT,ITEM TOTAL
10110040,97123953,3/30/2016 12:28:56 AM,Completed,Emily,Chinn,,4218 92nd Ave NE,,Bellevue,Washington,98004,,US,425-890-5503,emvtc@comcast.net,69.98,0.00,69.98,7.47,12.99,90.44,,,Sona Bakajin,Ordered,Sona,Bakajin,,512 N Juanita St,,Redondo Beach,California,90277,,US,425-890-5503,69.98,0.00,69.98,12.99,,7.47,90.44,,Ordered,BF86-11KS,LOVELY LILY & ROSES BOUQUET-ALL WHITE,Size: Small ,1,59.99,59.99,0.00,59.99
10110040,97123953,3/30/2016 12:28:56 AM,Completed,Emily,Chinn,,4218 92nd Ave NE,,Bellevue,Washington,98004,,US,425-890-5503,emvtc@comcast.net,69.98,0.00,69.98,7.47,12.99,90.44,,,Sona Bakajin,Ordered,Sona,Bakajin,,512 N Juanita St,,Redondo Beach,California,90277,,US,425-890-5503,69.98,0.00,69.98,12.99,,7.47,90.44,,Ordered,ADD-CHOC-S,ASSORTED CHOCOLATES,Size: Small ,1,9.99,9.99,0.00,9.99

10109999,97120682,3/29/2016 9:07:48 PM,Completed,yousif,kurdi,,8664 Falmouth Ave,,Los Angeles,California,90293,,US,310-727-9543,yousifk@ucla.edu,89.98,0.00,89.98,9.27,12.99,112.24,,,Alessandra Giugliano,Ordered,Alessandra,Giugliano,Equinox South Bay,5400 W Rosecrans Ave,,Hawthorne,California,90250,,US,617-543-6743,89.98,0.00,89.98,12.99,,9.27,112.24,,Ordered,105015L,1-800-FLOWERS® EXPRESSIONS OF PINK™,Size: Large ,1,79.99,79.99,0.00,79.99
10109999,97120682,3/29/2016 9:07:48 PM,Completed,yousif,kurdi,,8664 Falmouth Ave,,Los Angeles,California,90293,,US,310-727-9543,yousifk@ucla.edu,89.98,0.00,89.98,9.27,12.99,112.24,,,Alessandra Giugliano,Ordered,Alessandra,Giugliano,Equinox South Bay,5400 W Rosecrans Ave,,Hawthorne,California,90250,,US,617-543-6743,89.98,0.00,89.98,12.99,,9.27,112.24,,Ordered,ADD-PLUSH-S,ASSORTED PLUSH,Size: Small ,1,9.99,9.99,0.00,9.99

10109777,97098326,3/28/2016 10:20:09 PM,Completed,Jacob,Rodriguez,,509 balham ave,,La puente,California,91744,,US,626-488-3825,jacob.rodriguez43@gmail.com,49.99,0.00,49.99,5.67,12.99,68.65,,,Alyssa Davis,Ordered,Alyssa,Davis,,5495 Marine Ave,,Lawndale,California,90260,,US,626-488-3825,49.99,0.00,49.99,12.99,Ground,5.67,68.65,,Ordered,BF169-11KM,DAISY A DAY BOUQUET,,1,49.99,49.99,0.00,49.99

10109674,97085852,3/28/2016 3:41:34 PM,Completed,James,Czulewicz,,1810 Speyer Lane,BACK HOUSE,Redondo Beach,California,90278,,US,310-374-5729,jim_czulewicz@msn.com,49.99,0.00,49.99,5.67,12.99,68.65,,,Denise Czulewicz,Ordered,Denise,Czulewicz,,1810 Speyer Lane,BACK HOUSE,Redondo Beach,California,90278,,US,310-374-5729,49.99,0.00,49.99,12.99,Ground,5.67,68.65,,Ordered,BF172-11KM,JUST BECAUSE,,1,49.99,49.99,0.00,49.99

10109616,97079655,3/28/2016 12:31:53 PM,Completed,Bradley,Connors,,6760 10th avenue Ter S,,St. Petersburg,Florida,33707,,US,630-542-0489,brad.connors11@gmail.com,39.99,0.00,39.99,4.77,12.99,57.75,,,Kerri Schuh,Ordered,Kerri,Schuh,,2061 Carnegie Lane Apt. 2,,Redondo Beach,California,90278,,US,920-716-3280,39.99,0.00,39.99,12.99,Ground,4.77,57.75,,Ordered,BF221-11KM,SORBET SURPRISE,,1,39.99,39.99,0.00,39.99

10109590,97077495,3/28/2016 3:55:47 AM,Completed,Josafat,Ambriz,,2811 Iola #6,,Houston,Texas,77017,,US,832-236-6348,chunklos28@gmail.com,109.98,0.00,109.98,11.07,12.99,134.04,,,Jennifer Sandoval,Ordered,Jennifer,Sandoval,,4133 W 160th,,Lawndale,California,90260,,US,832-236-6348,109.98,0.00,109.98,12.99,,11.07,134.04,,Ordered,BF20-11K,YOU'RE IN MY HEART,,1,49.99,49.99,0.00,49.99
10109590,97077495,3/28/2016 3:55:47 AM,Completed,Josafat,Ambriz,,2811 Iola #6,,Houston,Texas,77017,,US,832-236-6348,chunklos28@gmail.com,109.98,0.00,109.98,11.07,12.99,134.04,,,Jennifer Sandoval,Ordered,Jennifer,Sandoval,,4133 W 160th,,Lawndale,California,90260,,US,832-236-6348,109.98,0.00,109.98,12.99,,11.07,134.04,,Ordered,BF296-11KL,OUR VALENTINE'S ROMANCE,Size: Large ,1,59.99,59.99,0.00,59.99

10109538,97069982,3/27/2016 6:26:20 AM,Completed,Stephanie,Rees,,709 N Maria Ave,,Redondo Beach,California,90277,,US,661-644-0044,andrewkrees@gmail.com,64.99,0.00,64.99,7.02,12.99,85.00,,,Stephanie Rees,Ordered,Stephanie,Rees,,709 N Maria Ave,,Redondo Beach,California,90277,,US,661-644-0044,64.99,0.00,64.99,12.99,Ground,7.02,85.00,,Ordered,105241,1-800-FLOWERS® MODERN TULIPS,,1,64.99,64.99,0.00,64.99

10109093,97014147,3/24/2016 10:09:40 PM,Completed,Ryan,Gulino,,1215 Amethyst St.,Unit A,Redondo Beach,California,90277,,US,213-369-3531,rynodark@yahoo.com,49.99,0.00,49.99,5.67,12.99,68.65,,,Leanna Orndoff,Ordered,Leana,Orndoff,Vantage Oncology,1500 Rosecrans Ave,Suite 400,Manhattan Beach,California,90266,,US,310-416-8915,49.99,0.00,49.99,12.99,Ground,5.67,68.65,,Ordered,BF172-11KM,JUST BECAUSE,,1,49.99,49.99,0.00,49.99

10108831,96980746,3/24/2016 1:32:13 AM,Completed,Dallas,Couch,,21 11th street,,Richmond,California,94801,,US,2525066768,dallas794@gmail.com,39.99,0.00,39.99,4.77,12.99,57.75,,,Molly Frazier,Ordered,Molly,Frazier,,4711 w 163rd st,,Lawndale,California,90260,,US,4242400421,39.99,0.00,39.99,12.99,Ground,4.77,57.75,,Ordered,BF410-11KM,SUNFLOWER FRESH FIELD BOUQUET,,1,39.99,39.99,0.00,39.99

10108669,96957833,3/23/2016 3:16:29 PM,Completed,Michelle,Reynolds,,2181 Greenpark Ct,,Thousand Oaks,California,91362,,US,714-655-4753,michelled.reynolds@yahoo.com,44.99,0.00,44.99,5.22,12.99,63.20,,,Maria Hernandez,Ordered,Maria,Hernandez,,2111 Gates Ave A,,Redondo Beach,California,90278,,US,310-370-7824,44.99,0.00,44.99,12.99,Ground,5.22,63.20,,Ordered,BF318-11KMP,LET'S CELEBRATE,,1,44.99,44.99,0.00,44.99

10108599,96949122,3/23/2016 9:57:54 AM,Completed,william,pineda,,400 w bennett st,,compton,California,90220,,US,310-735-5247,luckypin310@gmail.com,64.99,0.00,64.99,7.02,12.99,85.00,,,Claudia Padilla,Ordered,Claudia,Padilla,smile finders,4451 Redondo Beach Blvd,,lawndale,California,90260,,US,310-735-5247,64.99,0.00,64.99,12.99,Ground,7.02,85.00,,Ordered,95285S,1-800-FLOWERS® BLOOMING LOVE™ PREMIUM RED ROSE IN RED VASE,Size: Small ,1,64.99,64.99,0.00,64.99

10108462,96929933,3/22/2016 5:52:17 PM,Completed,Josafat,Ambriz,,2811 Iola #6,,Houston,Texas,77017,,US,832-236-6348,chunklos28@gmail.com,69.99,0.00,69.99,7.47,12.99,90.45,,,Jennifer Sandoval,Ordered,Jennifer,Sandoval,,4133 W 160th,,lawndale,California,90260,,US,832-236-6348,69.99,0.00,69.99,12.99,Ground,7.47,90.45,,Ordered,BF114-11KL,ELEGANCE BOUQUET,Size: Large ,1,69.99,69.99,0.00,69.99

10108134,96890195,3/21/2016 4:14:26 PM,Completed,Christopher,Fowler,Fowler Inspection,231 Palm Ave.,,Imperial Beach,California,91932,,US,619-739-0549,captnmike@gmail.com,49.99,0.00,49.99,5.67,12.99,68.65,,,Valerie Roberts,Ordered,Valerie,Roberts,,1011 Garnet St,,Redondo Beach,California,90277,,US,310-251-4406,49.99,0.00,49.99,12.99,Ground,5.67,68.65,,Ordered,BF116-11KS,YOU'RE FOREVER IN MY HEART,Size: Small ,1,49.99,49.99,0.00,49.99

10108039,96654103,3/21/2016 6:20:20 AM,Completed,Colleen,Delane,,737 Esplanade,,Redondo Beach,California,90277,,US,310-540-3418,colleen.delane@nov.com,59.99,0.00,59.99,6.57,12.99,79.55,,,Mimi Delane,Ordered,Mimi,Delane,,737 Esplanade,,Redondo Beach,California,90277,,US,310-540-3418,59.99,0.00,59.99,12.99,Ground,6.57,79.55,,Ordered,145698M,1-800-FLOWERS®SPRINGTIME CENTERPIECE,Size: Medium ,1,59.99,59.99,0.00,59.99

10107792,95299267,3/18/2016 8:37:24 PM,Completed,cynthia,johnson,,1059 fernrest dr,,harbor city,California,90710,,US,714-234-4496,cjohnson@kentecmedical.com,64.99,0.00,64.99,7.02,12.99,85.00,,,maxine simms,Ordered,maxine,simms,,2208A Huntington Lane,,redondo beach,California,90278,,US,714-234-4496,64.99,0.00,64.99,12.99,Ground,7.02,85.00,,Ordered,BF47-11KL,PLANTS-A-PLENTY - LARGE,Size: Large ,1,64.99,64.99,0.00,64.99

10107543,94726451,3/17/2016 6:13:48 PM,Completed,Emiko,Sano,,900 Cooley St,,Missoula,Montana,59802,,US,530-329-4631,ebsempo@msn.com,49.99,0.00,49.99,5.67,12.99,68.65,,,Vilma Baxley,Ordered,Vilma,Baxley,,15636 Yukon Ave,,Lawndale,California,90260,,US,310-676-8622,49.99,0.00,49.99,12.99,Ground,5.67,68.65,,Ordered,BF170-11KM,PEACEFUL WISHES,,1,49.99,49.99,0.00,49.99

10106618,93833471,3/13/2016 10:53:05 PM,Completed,Eric,Held,,2635 La Luz,,Las Cruces,New Mexico,88007,,US,575-640-5136,eheld01@yahoo.com,39.99,0.00,39.99,4.77,12.99,57.75,,,Raelene Myzel,Ordered,Raelene,Myzel,,2406 W185th St.,,Torrance,California,90504,,US,310-408-6033,39.99,0.00,39.99,12.99,Ground,4.77,57.75,,Ordered,BF245-11KS,MY SWEETEST VALENTINE BOUQUET,Size: Small ,1,39.99,39.99,0.00,39.99

10105813,93097638,3/9/2016 5:01:10 PM,Completed,Tyneisha,Brewster,,704 1/2 w 56th street,,Los Angeles,California,90037,,US,323-422-7913,ty_lyriq@icloud.com,59.98,0.00,59.98,6.57,12.99,79.54,,,Bridget brown,Ordered,Bridget,Brown,Southbay workforce investment board,11539 Hawthorne Blvd #500,,Hawthorne,California,90250,,US,323-422-7913,59.98,0.00,59.98,12.99,,6.57,79.54,,Ordered,BF104-11KSP,MY ROSY VALENTINE,Size: Small/Purple Vase ,1,49.99,49.99,0.00,49.99
10105813,93097638,3/9/2016 5:01:10 PM,Completed,Tyneisha,Brewster,,704 1/2 w 56th street,,Los Angeles,California,90037,,US,323-422-7913,ty_lyriq@icloud.com,59.98,0.00,59.98,6.57,12.99,79.54,,,Bridget brown,Ordered,Bridget,Brown,Southbay workforce investment board,11539 Hawthorne Blvd #500,,Hawthorne,California,90250,,US,323-422-7913,59.98,0.00,59.98,12.99,,6.57,79.54,,Ordered,ADD-CHOC-S,ASSORTED CHOCOLATES,Size: Small ,1,9.99,9.99,0.00,9.99

10104110,92055953,3/1/2016 6:01:00 PM,Completed,Mitchell,Thompson,,"814 Sartori Ave, #3",,Torrance,California,90501,,US,4156840686,mitchell.mpm@gmail.com,39.99,0.00,39.99,4.77,12.99,57.75,,,Monique Thompson,Ordered,Monique,Thompson,Kids in Motion,21615 Hawthorne Blvd #200,,Torrance,California,90503,,US,240-672-3776,39.99,0.00,39.99,12.99,Ground,4.77,57.75,,Ordered,BF109-11KM,BASKET OF LOVE,,1,39.99,39.99,0.00,39.99
