Web Orders Report
Report generated on 4/17/2017

Search Criteria
Order Date From:,05/01/2016
Order Date To:,05/31/2016
Status:,-- ALL --
Customer:, 
Billing Email:,
Billing Phone:,
Recipient:, 
Recipient Phone:,
SKUL:,
Order#:,
Promotion Code:,
State:,-- Please Select --


ORDER#,BLOOMLINKORDERNO,ORDER DATE,STATUS,BILLING FIRST NAME,BILLING LAST NAME,BILLING COMPANY,BILLING ADDRESS,BILLING ADDRESS 2,BILLING CITY,BILLING STATE,BILLING ZIP,BILLING REGION,BILLING COUNTRY,BILLING PHONE,EMAIL,ORDER MERCHANDISE SUBTOTAL,ORDER DISCOUNT,ORDER SUBTOTAL,ORDER TAX,ORDER SHIPPING,ORDER TOTAL,PROMOTION CODE,,LABEL,RECIPIENT STATUS,FIRST NAME,LAST NAME,COMPANY,ADDRESS 1,ADDRESS 2,CITY,STATE,ZIP,REGION,COUNTRY,PHONE,MERCHANDISE SUBTOTAL,DISCOUNT,SUBTOTAL,SHIPPING,SHIPPING METHOD,TAX,TOTAL,,ITEM STATUS,SKU,ITEM NAME,ATTRIBUTES,QUANTITY,PRICE,ITEM SUBTOTAL,ITEM DISCOUNT,ITEM TOTAL
10131087,905432,5/31/2016 4:25:20 AM,Completed,ANGELA,DESIMONE,,2201 FELTON LANE,,REDONDO BEACH,California,90278,,US,310-968-5030,ANGELA.DESIMONE@PROVIDENTFM.COM,34.99,0.00,34.99,3.15,0.00,38.14,,,MOLLY DESIMONE,Ordered,ANGELA,DESIMONE,,2201 FELTON LANE,,REDONDO BEACH,California,90278,,US,310-968-5030,34.99,0.00,34.99,0.00,Ground,3.15,38.14,,Ordered,91804S,1-800-FLOWERS&REG; WHITE ROSE CORSAGE,Size: Small ,1,34.99,34.99,0.00,34.99

10131084,902483,5/31/2016 3:33:04 AM,Completed,Haley,Breith,,1119 Barbara Street 11,,Redondo Beach,California,90277,,US,424-400-1280,h1breith@gmail.com,20.00,0.00,20.00,1.80,0.00,21.80,,,Shayla,Ordered,Haley,Breith,,1119 Barbara Street 11,,Redondo Beach,California,90277,,US,424-400-1280,20.00,0.00,20.00,0.00,Ground,1.80,21.80,,Ordered,95314,1-800-FLOWERS® BLUE RING BEARER BOUTONNIERE,,2,10.00,20.00,0.00,20.00

10131080,898602,5/31/2016 2:29:30 AM,Completed,wendy,farber,,704 marine ave,,manhattan beach,California,90266,,US,317-341-1415,emelyn2u@sbcglobal.net,15.00,0.00,15.00,1.35,0.00,16.35,,,Myself,Ordered,Emmie,Farber,,704 marine ave,,manhattan beach,California,90266,,US,317-341-1415,15.00,0.00,15.00,0.00,Ground,1.35,16.35,,Ordered,95312,1-800-FLOWERS® BLUE BOUTONNIERE,,1,15.00,15.00,0.00,15.00

10130857,629115,5/27/2016 10:10:36 PM,Completed,TINA G.,SOCLIUZZO,,1727 S. PATTON AVE,,San Pedro,California,90731,,US,323-454-1989,sambrownfamily60@outlook.com,159.97,0.00,159.97,15.57,12.99,188.53,,,Rosalba Rosero,Ordered,Rosalba,Rosero,,2614 Carnegie Ln,Apt 2,Redondo Beach,California,90278,,US,323-454-1989,159.97,0.00,159.97,12.99,,15.57,188.53,,Ordered,BF233-11KM,2 DOZEN ROSES - RED,,1,119.99,119.99,0.00,119.99
10130857,629115,5/27/2016 10:10:36 PM,Completed,TINA G.,SOCLIUZZO,,1727 S. PATTON AVE,,San Pedro,California,90731,,US,323-454-1989,sambrownfamily60@outlook.com,159.97,0.00,159.97,15.57,12.99,188.53,,,Rosalba Rosero,Ordered,Rosalba,Rosero,,2614 Carnegie Ln,Apt 2,Redondo Beach,California,90278,,US,323-454-1989,159.97,0.00,159.97,12.99,,15.57,188.53,,Ordered,ADD-CHOC-S,ASSORTED CHOCOLATES,Size: Small ,1,9.99,9.99,0.00,9.99
10130857,629115,5/27/2016 10:10:36 PM,Completed,TINA G.,SOCLIUZZO,,1727 S. PATTON AVE,,San Pedro,California,90731,,US,323-454-1989,sambrownfamily60@outlook.com,159.97,0.00,159.97,15.57,12.99,188.53,,,Rosalba Rosero,Ordered,Rosalba,Rosero,,2614 Carnegie Ln,Apt 2,Redondo Beach,California,90278,,US,323-454-1989,159.97,0.00,159.97,12.99,,15.57,188.53,,Ordered,ADD-PLUSH-L,ASSORTED PLUSH,Size: Large ,1,29.99,29.99,0.00,29.99

10130804,606255,5/27/2016 5:01:20 PM,Completed,Ray,Ossenkop,Truman Van Dyke,PO Box 220238,,Newhall,California,91322,,US,818-439-5065,ray@tvdco.com,129.99,0.00,129.99,12.87,12.99,155.85,,,Andee Abad,Ordered,Andee,Abad,,12 The Strand,,Hermosa Beach,California,90254,,US,818-439-5065,129.99,0.00,129.99,12.99,Ground,12.87,155.85,,Ordered,95448L,1-800-FLOWERS&REG; LAVENDER AND WHITE ULTIMATE ELEGANCE,Size: Large ,1,129.99,129.99,0.00,129.99

10130789,602003,5/27/2016 4:14:25 PM,Completed,Kylie,Kirkpatrick,,1703 van Horne lane,,Redondo beach,California,90278,,US,310-465-8888,kyliesgotgame@hotmail.com,15.00,0.00,15.00,1.35,0.00,16.35,,,Myself,Ordered,Kylie,Kirkpatrick,,1703 van Horne lane,,Redondo beach,California,90278,,US,310-465-8888,15.00,0.00,15.00,0.00,Ground,1.35,16.35,,Ordered,95312,1-800-FLOWERS® BLUE BOUTONNIERE,,1,15.00,15.00,0.00,15.00

10130253,383927,5/25/2016 4:23:02 AM,Completed,Craig,Bull,,272 16th Place,Apt C,Costa Mesa,California,92627,,US,949-295-2834,craigbull23@hotmail.com,39.99,0.00,39.99,4.77,12.99,57.75,,,Heather,Ordered,Heather,Stone,,850 Monterey Blvd,Apt 3,Hermosa Beach,California,90254,,US,949-246-9588,39.99,0.00,39.99,12.99,Ground,4.77,57.75,,Ordered,BF414-11KM,BLOOMING GARDEN BOUQUET,,1,39.99,39.99,0.00,39.99

10130179,361818,5/24/2016 7:12:40 PM,Completed,Philip,Taveira,,69 cherry,,Lynn,Massachusetts,01902,,US,3109471924,philiptaveira@hotmail.com,54.99,0.00,54.99,6.12,12.99,74.10,,,Kelsey Parigian,Ordered,Kelsey,Parigian,,1032 Avenue A,,Redondo beach,California,90277,,US,3109471924,54.99,0.00,54.99,12.99,Ground,6.12,74.10,,Ordered,BF97-11KS,LOVELY LILY & ROSE CUBE FOR HOLIDAY,Size: Small ,1,54.99,54.99,0.00,54.99

10129804,134149,5/23/2016 3:19:45 AM,Completed,Daniel,Morales,,4015 W 166th St,,Lawndale,California,90260,,US,310-617-8936,mariboots21@gmail.com,44.99,0.00,44.99,4.05,0.00,49.04,,,Daniel Morales,Ordered,Daniel,Morales,,4015 W 166th St,,Lawndale,California,90260,,US,310-617-8936,44.99,0.00,44.99,0.00,,4.05,49.04,,Ordered,91814S,1-800-FLOWERS&REG; WHITE ROSE CORSAGE AND BOUTONNIERE,Size: Small ,1,44.99,44.99,0.00,44.99

10129411,99730975,5/20/2016 12:06:46 AM,Completed,Lauren,Jumper,,16 Roosevelt Road,,Westport,Connecticut,06880,,US,646-942-0815,lauren.jumper@yahoo.com,49.99,0.00,49.99,5.67,12.99,68.65,,,Alexis Sullivan,Ordered,Alexis,Sullivan,,2118 Grant Ave,#5,Redondo Beach,California,90278,,US,310-560-4178,49.99,0.00,49.99,12.99,Ground,5.67,68.65,,Ordered,BF243-11KM,ROSY REFLECTION,,1,49.99,49.99,0.00,49.99

10129346,99702464,5/19/2016 6:35:46 PM,Completed,Anthony,Seferian,,241 N. Irena Ave.,,Redondo Beach,California,90277,,US,916-997-5478,anthonyseferian@yahoo.com,49.99,0.00,49.99,5.67,12.99,68.65,,,Catherine Tornero,Ordered,Catherine,Tornero,,241 N. Irena Ave.,,Redondo Beach,California,90277,,US,424-212-2003,49.99,0.00,49.99,12.99,Ground,5.67,68.65,,Ordered,BF243-11KM,ROSY REFLECTION,,1,49.99,49.99,0.00,49.99

10128895,99577037,5/17/2016 6:38:19 PM,Completed,Theodore,Scheumann,"Verity Build, Inc.",20950 South Normandie Ave. Unit A,,Torrance,California,90502,,US,310-375-2080,jennifer@veritybaths.com,399.92,79.98,319.94,38.97,112.92,471.83,VERITY,,Martha Johnson,Ordered,Martha,Johnson,,1414 E. Sycamore Ave.,,El Segundo,California,90245,,US,3102512779,49.99,10.00,39.99,12.99,Ground,4.77,57.75,,Ordered,BF222-11KM,TROPICAL SOPHISTICATION,,1,49.99,49.99,10.00,39.99
10128895,99577037,5/17/2016 6:38:19 PM,Completed,Theodore,Scheumann,"Verity Build, Inc.",20950 South Normandie Ave. Unit A,,Torrance,California,90502,,US,310-375-2080,jennifer@veritybaths.com,399.92,79.98,319.94,38.97,112.92,471.83,VERITY,,Kelly & John Bobbin,Ordered,Kelly & John,Bobbin,,1323 17th Street,,Manhattan Beach,California,90266,,US,3105467035,49.99,10.00,39.99,12.99,Ground,4.77,57.75,,Ordered,BF222-11KM,TROPICAL SOPHISTICATION,,1,49.99,49.99,10.00,39.99
10128895,99577037,5/17/2016 6:38:19 PM,Completed,Theodore,Scheumann,"Verity Build, Inc.",20950 South Normandie Ave. Unit A,,Torrance,California,90502,,US,310-375-2080,jennifer@veritybaths.com,399.92,79.98,319.94,38.97,112.92,471.83,VERITY,,Charlotte & Kevin Blane,Ordered,Charlotte & Kevin,Blane,,2406 Harriman Lane Unit A,,Redondo Beach,California,90278,,US,2493053880,49.99,10.00,39.99,12.99,Ground,4.77,57.75,,Ordered,BF222-11KM,TROPICAL SOPHISTICATION,,1,49.99,49.99,10.00,39.99
10128895,99577037,5/17/2016 6:38:19 PM,Completed,Theodore,Scheumann,"Verity Build, Inc.",20950 South Normandie Ave. Unit A,,Torrance,California,90502,,US,310-375-2080,jennifer@veritybaths.com,399.92,79.98,319.94,38.97,112.92,471.83,VERITY,,Sylvia & Masa Asano,Ordered,Sylvia & Masa,Asano,,6632 Verde Ridge Rd.,,RPV,California,90275,,US,2493053880,49.99,10.00,39.99,15.99,Ground,5.04,61.02,,Ordered,BF222-11KM,TROPICAL SOPHISTICATION,,1,49.99,49.99,10.00,39.99
10128895,99577037,5/17/2016 6:38:19 PM,Completed,Theodore,Scheumann,"Verity Build, Inc.",20950 South Normandie Ave. Unit A,,Torrance,California,90502,,US,310-375-2080,jennifer@veritybaths.com,399.92,79.98,319.94,38.97,112.92,471.83,VERITY,,Cherise & Nick Jones,Ordered,Cherise & Nick,Jones,,726 N. Maria Ave.,,Redondo Beach,California,90277,,US,3109931476,49.99,10.00,39.99,12.99,Ground,4.77,57.75,,Ordered,BF222-11KM,TROPICAL SOPHISTICATION,,1,49.99,49.99,10.00,39.99
10128895,99577037,5/17/2016 6:38:19 PM,Completed,Theodore,Scheumann,"Verity Build, Inc.",20950 South Normandie Ave. Unit A,,Torrance,California,90502,,US,310-375-2080,jennifer@veritybaths.com,399.92,79.98,319.94,38.97,112.92,471.83,VERITY,,Denise & Mark Sur,Ordered,Denise & Mark,Sur,,5 Roanwood Drive,,RHE,California,90274,,US,3102454060,49.99,10.00,39.99,15.99,Ground,5.04,61.02,,Ordered,BF222-11KM,TROPICAL SOPHISTICATION,,1,49.99,49.99,10.00,39.99
10128895,99577037,5/17/2016 6:38:19 PM,Completed,Theodore,Scheumann,"Verity Build, Inc.",20950 South Normandie Ave. Unit A,,Torrance,California,90502,,US,310-375-2080,jennifer@veritybaths.com,399.92,79.98,319.94,38.97,112.92,471.83,VERITY,,Josefine & David Ngo,Ordered,Josefine & David,Ngo,,5019 Rockvalley Rd.,,RPV,California,90275,,US,3103776087,49.99,10.00,39.99,15.99,Ground,5.04,61.02,,Ordered,BF222-11KM,TROPICAL SOPHISTICATION,,1,49.99,49.99,10.00,39.99
10128895,99577037,5/17/2016 6:38:19 PM,Completed,Theodore,Scheumann,"Verity Build, Inc.",20950 South Normandie Ave. Unit A,,Torrance,California,90502,,US,310-375-2080,jennifer@veritybaths.com,399.92,79.98,319.94,38.97,112.92,471.83,VERITY,,Greg Kaiser,Ordered,Greg,Kaiser,,5537 W. 133rd Street,,Hawthorne,California,90250,,US,3107387126,49.99,9.98,40.01,12.99,Ground,4.77,57.77,,Ordered,BF222-11KM,TROPICAL SOPHISTICATION,,1,49.99,49.99,9.98,40.01

10128556,99534047,5/16/2016 3:49:57 AM,Completed,Jay,Takata,,1742 Harper,,Redondo beach,California,90278,,US,562-882-5384,jaytakata@yahoo.com,99.99,0.00,99.99,10.17,12.99,123.15,,,Patti Awaya,Ordered,Patti,Awaya,Kinecta,1440 Rosecrans ave,,Manhattan Beach,California,90266,,US,562-882-5384,99.99,0.00,99.99,12.99,Ground,10.17,123.15,,Ordered,91351M,1-800-FLOWERS&REG; GARDEN OF GRANDEUR™,Size: Medium ,1,99.99,99.99,0.00,99.99

10128526,99531215,5/15/2016 10:39:45 PM,Completed,Nancy,Markowitz,,3028 Monterey Street,,San Mateo,California,94403,,US,650-627-8806,nmarko49@gmail.com,49.99,0.00,49.99,5.67,12.99,68.65,,,Alyse Laemmle,Ordered,Alyse,Laemmle,,2840 The Strand,,Hermosa Beach,California,90254,,US,650-627-8806,49.99,0.00,49.99,12.99,Ground,5.67,68.65,,Ordered,BF123-11KM,BRILLIANCE BOUQUET,,1,49.99,49.99,0.00,49.99

10128484,99527878,5/15/2016 4:44:00 PM,Completed,Alexander,Lopez,,10535 S Grevillea Ave,,Lennox,California,90304,,US,310-873-8965,lopez.alex234@gmail.com,84.98,0.00,84.98,8.82,12.99,106.79,,,Yasmin Perez,Ordered,Yasmin,Perez,Wingstop,2201 W Rosecrans Ave,,Gardena,California,90249,,US,310-324-3444,84.98,0.00,84.98,12.99,,8.82,106.79,,Ordered,BF364-11KL,DAZZLING HOLIDAY ROSE & LILIES BOUQUET,Size: Large ,1,69.99,69.99,0.00,69.99
10128484,99527878,5/15/2016 4:44:00 PM,Completed,Alexander,Lopez,,10535 S Grevillea Ave,,Lennox,California,90304,,US,310-873-8965,lopez.alex234@gmail.com,84.98,0.00,84.98,8.82,12.99,106.79,,,Yasmin Perez,Ordered,Yasmin,Perez,Wingstop,2201 W Rosecrans Ave,,Gardena,California,90249,,US,310-324-3444,84.98,0.00,84.98,12.99,,8.82,106.79,,Ordered,ADD-CHOC-M,ASSORTED CHOCOLATES,Size: Medium ,1,14.99,14.99,0.00,14.99

10127887,99463207,5/12/2016 3:00:24 AM,Completed,Laila,Digras,,514 Ave F,,Redondo beach,California,90277,,US,424-903-6327,laidisezhi7@gmail.com,15.00,0.00,15.00,1.35,0.00,16.35,,,Myself,Ordered,Laila,Digras,,514 Ave F,,Redondo Beach,California,90277,,US,424-903-6327,15.00,0.00,15.00,0.00,Ground,1.35,16.35,,Ordered,95342,1-800-FLOWERS® PINK BOUTONNIERE,,1,15.00,15.00,0.00,15.00

10127851,99459658,5/11/2016 10:54:27 PM,Completed,Evelyn,Franco,,4512 W 104th St,,Inglewood,California,90304,,US,310-350-5110,evelynser03@yahoo.com,39.99,0.00,39.99,4.77,12.99,57.75,,,Maribel Arreola Rosales,Ordered,Maribel,Rosales,Schnierow Dental Care,13450 Hawthorne Blvd,,Hawthorne,California,90250,,US,310-953-6533,39.99,0.00,39.99,12.99,Ground,4.77,57.75,,Ordered,BF330-11KS,SPRING BRILLIANCE BOUQUET,Size: Small ,1,39.99,39.99,0.00,39.99

10127631,99434450,5/11/2016 2:13:30 AM,Completed,Richard J,Trainor,,44523 Potter Terrace,,Ashburn,Virginia,20147,,US,703-858-5335,talktojt25@aol.com,49.99,0.00,49.99,5.67,12.99,68.65,,,Sean E. Pierce,Ordered,Sean E,Pierce,Northrup-Grumman,"One Spacepark Drive, Bldg 01",,Redondo Beach,California,90278,,US,310-813-1284,49.99,0.00,49.99,12.99,Ground,5.67,68.65,,Ordered,BF337-11KM,DELIGHTFUL BLOOMS BOUQUET,Size: Medium ,1,49.99,49.99,0.00,49.99

10127428,99414471,5/10/2016 4:05:34 PM,Completed,orlando,pereira,,5563 Spahn Avenue,,Lakewood,California,90713,,US,310-536-5470,orlndo@hotmail.com,54.99,0.00,54.99,6.12,12.99,74.10,,,Cece,Ordered,Cece,Rodriguez,DHL Global Forwarding,4000 Redondo Beach Ave #10,,Redondo Beach,California,90278,,US,310-536-5470,54.99,0.00,54.99,12.99,Ground,6.12,74.10,,Ordered,BF84-11KL,PINK PETALS BOUQUET,Size: Large ,1,54.99,54.99,0.00,54.99

10126702,99314185,5/8/2016 6:02:45 PM,Completed,Jose,Torres,,1277 Nogal Drive,Apt # A,Salinas,California,93905,,US,310-507-4890,sonia.jose.gt@gmail.com,89.99,0.00,89.99,9.27,12.99,112.25,,,Rosa Torres,Ordered,Rosa,Torres,,4235 West 170th Street,,Lawndale,California,90260,,US,310-507-4890,89.99,0.00,89.99,12.99,Ground,9.27,112.25,,Ordered,100231M,1-800-FLOWERS® DAZZLE HER DAY™,Size: Medium ,1,89.99,89.99,0.00,89.99

10126655,99310920,5/8/2016 5:13:04 PM,Completed,Ellis,Watamanuk,,121 Calle de Arboles,,Redondo Beach,California,90277,,US,310-293-4917,ewatamanuk@gmail.com,59.99,0.00,59.99,6.57,12.99,79.55,,,Terri,Ordered,Terri,Watamanuk,,121 Calle de Arboles,,Redondo Beach,California,90277,,US,310-293-4917,59.99,0.00,59.99,12.99,Ground,6.57,79.55,,Ordered,103384,1-800-FLOWERS&REG; ORCHID EMBRACE™,,1,59.99,59.99,0.00,59.99

10126627,99308862,5/8/2016 4:44:24 PM,Completed,Jenna,Stredwick,,1730 Carlson Lane,,Redondo Beach,California,90278,,US,310-418-4322,jstredwick@yahoo.com,39.99,0.00,39.99,4.77,12.99,57.75,,,Georgette Stredwick,Ordered,Jenna,Stredwick,,1730 Carlson Lane,,Redondo Beach,California,90278,,US,310-418-4322,39.99,0.00,39.99,12.99,Ground,4.77,57.75,,Ordered,BF115-11KS,LOVELY LAVENDER BOUQUET,Size: Small ,1,39.99,39.99,0.00,39.99

10126451,99292257,5/8/2016 1:33:12 PM,Completed,Denise,Gold,,622 Avenue B,,Redondo Beach,California,90277,,US,217-416-6934,gracie.gold95@aim.com,34.99,0.00,34.99,4.32,12.99,52.30,,,Denise Gold,Ordered,Denise,Gold,,622 Avenue B,,Redondo Beach,California,90277,,US,217-416-6934,34.99,0.00,34.99,12.99,Ground,4.32,52.30,,Ordered,BF84-11KS,PINK PETALS BOUQUET,Size: Small ,1,34.99,34.99,0.00,34.99

10126127,99245046,5/8/2016 1:56:44 AM,Completed,Vishakha,Mittal,,4563 Narrot St.,,Torrance,California,90503,,US,3106262260,mittal.vishakha@gmail.com,59.99,0.00,59.99,6.57,12.99,79.55,,,Mudita Mittal,Ordered,Mudita,Mittal,,4563 Narrot St.,,Torrance,California,90503,,US,310-626-2260,59.99,0.00,59.99,12.99,Ground,6.57,79.55,,Ordered,BF230-11KS,ASSORTED ROSES - BRIGHT,Size: 12 Stems ,1,59.99,59.99,0.00,59.99

10126046,99235066,5/8/2016 12:18:33 AM,Completed,Damian,Pawlowski,,3404 May Lane,,San Jose,California,95124,,US,831-818-2957,damianp77@cruzio.com,59.99,0.00,59.99,6.57,12.99,79.55,,,Nona Pawlowski,Ordered,Mickey,Pawlowski,,1234 Corona Street,,Hermosa Beach,California,90254,,US,310-379-7356,59.99,0.00,59.99,12.99,Ground,6.57,79.55,,Ordered,BF21-11K,MOTHER'S DAY GARDEN,,1,59.99,59.99,0.00,59.99

10125925,99221819,5/7/2016 10:22:52 PM,Completed,James,Murphy,,4403 Francis Ave. N. #4,,Seattle,Washington,98103,,US,206-303-7590,murphyjames04@gmail.com,59.99,0.00,59.99,6.57,12.99,79.55,,,Rosalie Flynn Murphy,Ordered,Rosalie,Flynn Murphy,,554 21st Street,,Hermosa Beach,California,90254,,US,310-937-9171,59.99,0.00,59.99,12.99,Ground,6.57,79.55,,Ordered,BF165-11KM,NEW VICTORIAN ROMANCE,,1,59.99,59.99,0.00,59.99

10124529,99067497,5/7/2016 1:36:11 AM,Completed,Richard,Gutierrez,,4045 8th Ave.,#101,San Diego,California,92103,,US,619-572-3398,regsandiego@gmail.com,114.98,0.00,114.98,11.52,12.99,139.49,,,Leticia McCart,Ordered,Leticia,McCart,,448 Calle Mayor,,Redondo Beach,California,90277,,US,310-874-2702,114.98,0.00,114.98,12.99,,11.52,139.49,,Ordered,105653,1-800-FLOWERS&REG; GARDEN BOUQUET™,,1,99.99,99.99,0.00,99.99
10124529,99067497,5/7/2016 1:36:11 AM,Completed,Richard,Gutierrez,,4045 8th Ave.,#101,San Diego,California,92103,,US,619-572-3398,regsandiego@gmail.com,114.98,0.00,114.98,11.52,12.99,139.49,,,Leticia McCart,Ordered,Leticia,McCart,,448 Calle Mayor,,Redondo Beach,California,90277,,US,310-874-2702,114.98,0.00,114.98,12.99,,11.52,139.49,,Ordered,ADD-CHOC-M,ASSORTED CHOCOLATES,Size: Medium ,1,14.99,14.99,0.00,14.99

10121795,98789333,5/5/2016 8:22:21 PM,Completed,Pamela,Brosvik,,15310 25th Ave NE,,Shoreline,Washington,98155,,US,206-992-0632,pamthegardener@hotmail.com,49.99,0.00,49.99,5.67,12.99,68.65,,,Baykee Sisawang,Ordered,Bayker,Sisawang,,2015 Curtis Ave #A,,Redondo beach,California,90278,,US,562-881-3989,49.99,0.00,49.99,12.99,Ground,5.67,68.65,,Ordered,91637M,1-800-FLOWERS® SPRING FIELDS OF EUROPE™,Size: Medium ,1,49.99,49.99,0.00,49.99

10120570,98648937,5/5/2016 4:01:31 AM,Completed,Donald,Moore,,10016 Edmonds Way #C245,,Edmonds,Washington,98020,,US,425-750-6572,dmmiii@hotmail.com,89.98,0.00,89.98,10.44,25.98,126.40,,,Ann,Ordered,Anita,Finan,,1200 Opal St. #25,,Redondo Beach,California,90277,,US,425-750-6572,39.99,0.00,39.99,12.99,Ground,4.77,57.75,,Ordered,BF403-11KM,GARDEN IVY BASKET,,1,39.99,39.99,0.00,39.99
10120570,98648937,5/5/2016 4:01:31 AM,Completed,Donald,Moore,,10016 Edmonds Way #C245,,Edmonds,Washington,98020,,US,425-750-6572,dmmiii@hotmail.com,89.98,0.00,89.98,10.44,25.98,126.40,,,Elisa,Ordered,Elisa,Finan,,1200 Opal St #25,,Redondo Beach,California,90277,,US,310-245-3761,49.99,0.00,49.99,12.99,Ground,5.67,68.65,,Ordered,BF244-11KM,HER PERFECT DAY BOUQUET,Size: Medium ,1,49.99,49.99,0.00,49.99

10120505,98639205,5/5/2016 2:45:24 AM,Completed,Alisha,Lewin,,2617 B Huntington Lane,,Redondo Beach,California,90278,,US,310-374-5629,alishalewin@gmail.com,39.99,0.00,39.99,4.77,12.99,57.75,,,Wendie Skeoch,Ordered,Wendie,Skeoch,,2617 B Huntington Lane,,Redondo Beach,California,90278,,US,310-374-5629,39.99,0.00,39.99,12.99,Ground,4.77,57.75,,Ordered,BF252-11KM,SWEETEST SURPRISE,,1,39.99,39.99,0.00,39.99

10120047,98570816,5/4/2016 8:14:46 PM,Completed,Kathleen,Mattox,,2691 Daisy Lane,,Fallbrook,California,92028,,US,760-505-8463,jandkmattox@roadrunner.com,59.99,0.00,59.99,6.57,12.99,79.55,,,Pat Bentley,Ordered,Pat,Bentley,,1928 Gates Ave #A,,Redondo Beach,California,90278,,US,310-374-4504,59.99,0.00,59.99,12.99,Ground,6.57,79.55,,Ordered,BF264-11KL,RUBY ROMANCE,Size: Large ,1,59.99,59.99,0.00,59.99

10118828,98350122,5/3/2016 7:20:46 PM,Completed,Jackie,Kennedy,,6275 Boulder Hwy #2086,,Las Vegas,California,89122,,US,310-658-6307,jackiekennedy9@yahoo.com,59.99,0.00,59.99,6.57,12.99,79.55,,,Dora Kennedy,Ordered,Dora,Kennedy,,16625 Crenshaw Blvd. #20,,Torrance,California,90504,,US,310-658-6307,59.99,0.00,59.99,12.99,Ground,6.57,79.55,,Ordered,90933L,1-800-FLOWERS&REG; BASKET OF LOVE,Size: Large ,1,59.99,59.99,0.00,59.99

10117720,98118899,5/2/2016 3:49:26 PM,Completed,Michael,Slebodnik,,906 Pacific Ave,APT 7,Venice,California,90291,,US,310-982-5006,mike.slebodnik@gmail.com,49.99,0.00,49.99,5.67,12.99,68.65,,,Tara Greenberg,Ordered,Tara,Greenberg,,2016 Vanderbilt Lane,Apt #3,Redondo Beach,California,90278,,US,516-633-6868,49.99,0.00,49.99,12.99,Ground,5.67,68.65,,Ordered,BF243-11KM,ROSY REFLECTION,,1,49.99,49.99,0.00,49.99
