Web Orders Report
Report generated on 4/17/2017

Search Criteria
Order Date From:,11/01/2016
Order Date To:,11/30/2016
Status:,-- ALL --
Customer:, 
Billing Email:,
Billing Phone:,
Recipient:, 
Recipient Phone:,
SKUL:,
Order#:,
Promotion Code:,
State:,-- Please Select --


ORDER#,BLOOMLINKORDERNO,ORDER DATE,STATUS,BILLING FIRST NAME,BILLING LAST NAME,BILLING COMPANY,BILLING ADDRESS,BILLING ADDRESS 2,BILLING CITY,BILLING STATE,BILLING ZIP,BILLING REGION,BILLING COUNTRY,BILLING PHONE,EMAIL,ORDER MERCHANDISE SUBTOTAL,ORDER DISCOUNT,ORDER SUBTOTAL,ORDER TAX,ORDER SHIPPING,ORDER TOTAL,PROMOTION CODE,,LABEL,RECIPIENT STATUS,FIRST NAME,LAST NAME,COMPANY,ADDRESS 1,ADDRESS 2,CITY,STATE,ZIP,REGION,COUNTRY,PHONE,MERCHANDISE SUBTOTAL,DISCOUNT,SUBTOTAL,SHIPPING,SHIPPING METHOD,TAX,TOTAL,,ITEM STATUS,SKU,ITEM NAME,ATTRIBUTES,QUANTITY,PRICE,ITEM SUBTOTAL,ITEM DISCOUNT,ITEM TOTAL
10163643,27319966,11/29/2016 7:44:22 PM,Completed,Lisa,Corman,The Creative Partners Group,88 south 10th street,suite 100,minneapolis,Minnesota,55403,,US,6123392745,lisa@thecpgretail.com,59.99,0.00,59.99,6.57,12.99,79.55,,,Emily Weaver,Ordered,Emily,Weaver,,162 Monterey Blvd,,Hermosa Beach,California,90254,,US,6123392745,59.99,0.00,59.99,12.99,Ground,6.57,79.55,,Ordered,BF329-11KL,TRIBUTE MIXED VASE ARRANGEMENT - ALL WHITE,Size: Large ,1,59.99,59.99,0.00,59.99

10163633,27314545,11/29/2016 7:15:22 PM,Completed,Matthew,Bahr,,PO Box 7131,,Marietta,Georgia,30065,,US,4047257199,usmcjarhead81@gmail.com,34.99,0.00,34.99,4.32,12.99,52.30,,,Jagoda Wierzbicka,Ordered,Jagoda,Wierzbicka,,2704 Curtis Aveneue,Unit 1,Redondo Beach,California,90278,,US,7472382516,34.99,0.00,34.99,12.99,Ground,4.32,52.30,,Ordered,BF407-11KM,CUP OF SUNSHINE,,1,34.99,34.99,0.00,34.99

10163484,27137223,11/29/2016 1:13:31 AM,Completed,Christina,Vargas,,1 Main Street,#337,SAN QUENTIN,California,94964,,US,6613400385,raizin4boyz@yahoo.com,99.99,0.00,99.99,10.17,12.99,123.15,,,Joe Carter Funeral  Pacific Crest Morturary,Ordered,Joe,Carter,Pacific Crest Morturary,2701 182nd at Inglewood Avenue,,Redondo Beach,California,90278,,US,6613400385,99.99,0.00,99.99,12.99,Ground,10.17,123.15,,Ordered,145620L,1-800-FLOWERS® LOVING BLOOMS™ IN LENOX® BLUE & WHITE,Size: Large ,1,99.99,99.99,0.00,99.99

10163480,27131494,11/29/2016 12:37:11 AM,Completed,Christina,Vargas,,1 Main Street,#337,SAN QUENTIN,California,94964,,US,6613400385,raizin4boyz@yahoo.com,69.99,0.00,69.99,7.47,12.99,90.45,,,Joe Carter Care of Pacific Crest Morturary,Ordered,Joe,Carter,Pacific Crest Morturary,2701 182nd at Inglewood Avenue,,Redondo Beach,California,90278,,US,6613400385,69.99,0.00,69.99,12.99,Ground,7.47,90.45,,Ordered,95408L,BLUE & WHITE HEALING TEARS,Size: Large ,1,69.99,69.99,0.00,69.99

10163027,26231666,11/23/2016 10:32:42 PM,Completed,Kathleen,Mattox,,2691 Daisy Lane,,Fallbrook,California,92028,,US,7607366235,jandkmattox@roadrunner.com,69.99,0.00,69.99,7.47,12.99,90.45,,,Ron and Karen Bentley,Ordered,Ron and Karen,Bentley,,5406 Arvada Ave,,Torrance,California,90503,,US,3105425253,69.99,0.00,69.99,12.99,Ground,7.47,90.45,,Ordered,99165L,1-800-FLOWERS® PLUM CRAZY™  FOR FALL,Size: Large ,1,69.99,69.99,0.00,69.99

10162811,26122438,11/22/2016 11:17:37 PM,Completed,Mark,Taylor,,1631 B. Electric Ave,,Venice,California,90291,,US,8082710284,mtaylor@thetaylorgrp.com,49.99,0.00,49.99,5.67,12.99,68.65,,,Emma Morrett,Ordered,Emma,Morrett,,1108 S. Juanita St,,Redondo Beach,California,90277,,US,3104228094,49.99,0.00,49.99,12.99,Ground,5.67,68.65,,Ordered,BF309-11KM,SENDING SMILES BOUQUET,Size: Medium ,1,49.99,49.99,0.00,49.99

10162269,23440961,11/21/2016 12:16:04 PM,Completed,Colleen,Delane,,Svanedamsveien 50,,Kristiansand,California,90277,,US,3105403418,colleendelaneskibs@gmail.com,114.98,0.00,114.98,12.96,28.98,156.92,,,Megan Hoffman,Ordered,Megan,Hoffman,,4125 Palos Verdes Drive South,,Rancho Palos Verdes,California,90275,,US,3108090298,49.99,0.00,49.99,15.99,Ground,5.94,71.92,,Ordered,BF275-11KM,THANKSGIVING MOMENTS CENTERPIECE,Size: Medium ,1,49.99,49.99,0.00,49.99
10162269,23440961,11/21/2016 12:16:04 PM,Completed,Colleen,Delane,,Svanedamsveien 50,,Kristiansand,California,90277,,US,3105403418,colleendelaneskibs@gmail.com,114.98,0.00,114.98,12.96,28.98,156.92,,,Mimi,Ordered,Mimi,Delane,,737 Esplanade,,Redondo Beach,California,90277,,US,3105403418,64.99,0.00,64.99,12.99,Ground,7.02,85.00,,Ordered,147207S,1-800-FLOWERS® PUMPKIN HARVEST™ CENTERPIECE,Size: Small ,1,64.99,64.99,0.00,64.99

10162257,22912509,11/21/2016 4:26:32 AM,Completed,Regina,Moore,,317 W Regent St #1,,Inglewood,California,90301,,US,3104807369,reggie4me@sbcglobal.net,49.99,0.00,49.99,5.67,12.99,68.65,,,Myself,Ordered,Regina,Moore,,317 W Regent St #1,,Inglewood,California,90301,,US,3104807369,49.99,0.00,49.99,12.99,Ground,5.67,68.65,,Ordered,BF357-11KL,HARVEST TIME CENTERPIECE,Size: Large ,1,49.99,49.99,0.00,49.99

10162162,21989329,11/20/2016 3:04:50 PM,Completed,Matthew,Moon,,Pobox 293784,,Phelan,California,92329,,US,7602217688,mattmoon_91@hotmail.com,49.99,0.00,49.99,5.67,12.99,68.65,,,Natalie partridge,Ordered,Natalie,Partridge,,1907 Nelson ave,,Redondo beach,California,90278,,US,3107045636,49.99,0.00,49.99,12.99,Ground,5.67,68.65,,Ordered,BF8-11K,BIRTHDAY BRILLIANCE,,1,49.99,49.99,0.00,49.99

10162108,20625118,11/19/2016 7:11:53 PM,Completed,Christina,Salpietro,,105 Lewey Brook Drive,,Cary,North Carolina,27519,,US,9194344529,salpietroc11@ecualumni.ecu.edu,29.99,0.00,29.99,3.87,12.99,46.85,,,Arlene Yakush,Ordered,Arlene,Yakush,,1807-B Pullman Lane,,Redondo Beach,California,90278,,US,4243359016,29.99,0.00,29.99,12.99,Ground,3.87,46.85,,Ordered,BF356-11KS,HARVEST PERUVIAN LILY BOUQUET,,1,29.99,29.99,0.00,29.99

10161743,18787520,11/17/2016 9:27:38 PM,Completed,Donald,Moore,,10016 Edmonds way #C245,,Edmonds,Washington,98020,,US,4257506572,dmmiii@hotmail.com,44.99,0.00,44.99,5.49,15.99,66.47,,,Elisa Finan,Ordered,Elisa,Finan,,720 W 27th ST #1,,San Pedro,California,90731,,US,3102453761,44.99,0.00,44.99,15.99,Ground,5.49,66.47,,Ordered,BF344-11KM,PUMPKIN SURPRISE,Size: Medium ,1,44.99,44.99,0.00,44.99

10161212,18241953,11/15/2016 11:45:46 PM,Completed,Gerarda,arochi,,6727 de longpre ave,,los angeles,California,90028,,US,3239197069,arochig@gmail.com,54.99,0.00,54.99,6.12,12.99,74.10,,,Yanina Venegas,Ordered,Yanina,Venegas,,18006 Osage ave,,Torrance,California,90504,,US,3107100157,54.99,0.00,54.99,12.99,Ground,6.12,74.10,,Ordered,BF176-11KM,LOVING LILIES & ROSES,,1,54.99,54.99,0.00,54.99

10161145,18190232,11/15/2016 7:08:09 PM,Completed,Lupe,Cortez,Ventura Foods,6 Pointe Drive,suite 100,Brea,California,92821,,US,7142573950,gcortez@venturafoods.com,49.99,0.00,49.99,5.67,12.99,68.65,,,Melissa Underwood,Ordered,Melissa,Underwood,Residence,2307 Huntington Lane,,Redondo Beach,California,90278,,US,3104065680,49.99,0.00,49.99,12.99,Ground,5.67,68.65,,Ordered,91096M,1-800-FLOWERS&REG; GARDEN INSPIRATION™,Size: Medium ,1,49.99,49.99,0.00,49.99

10161054,18142435,11/15/2016 3:04:53 PM,Completed,Chris,Nelson,,531 11th Street,A,Hermosa Beach,California,90254,,US,7084317993,oilandbones@gmail.com,59.99,0.00,59.99,6.57,12.99,79.55,,,Jaime Dempsey,Ordered,Jaime,Dempsey,,2522 Mathews Avenue,Unit A,Redondo Beach,California,90278,,US,3104671206,59.99,0.00,59.99,12.99,Ground,6.57,79.55,,Ordered,BF165-11KM,NEW VICTORIAN ROMANCE,,1,59.99,59.99,0.00,59.99

10160991,18036430,11/15/2016 4:07:28 AM,Completed,Hayley,Rodriguez,,18808 Cordary ave.,,Torrance,California,90504,,US,4246340174,hayleyrodriguez@yahoo.com,49.99,0.00,49.99,4.50,0.00,54.49,,,Myself,Ordered,Hayley,Rodriguez,,18808 Cordary ave.,,Torrance,California,90504,,US,4246340174,49.99,0.00,49.99,0.00,Ground,4.50,54.49,,Ordered,1990,1-800-Flowers® Birthday Flower Cake® Bright,,1,49.99,49.99,0.00,49.99

10160888,17931600,11/14/2016 6:16:14 PM,Completed,Seve,Villarreal,,229 20TH PLACE,,MANHATTAN BEACH,California,90266,,US,3039185753,villarreal771@yahoo.com,15.00,0.00,15.00,1.35,0.00,16.35,,,Myself,Ordered,Seve,Villarreal,,229 20TH PLACE,,MANHATTAN BEACH,California,90266,,US,3039185753,15.00,0.00,15.00,0.00,Ground,1.35,16.35,,Ordered,95322,1-800-FLOWERS® HOLIDAY BOUTONNIERE,,1,15.00,15.00,0.00,15.00

10160573,17298514,11/11/2016 10:04:15 PM,Completed,James,Darling,Chubb,555 S. Flower St,3rd Floor,Los Angeles,California,90071,,US,2136125681,lmanukyan@chubb.com,59.99,0.00,59.99,6.57,12.99,79.55,,,Sue Petrosino,Ordered,Sue,Petrosino,,1913 Plant Avenue,,Redondo Beach,California,90278,,US,2136125681,59.99,0.00,59.99,12.99,Ground,6.57,79.55,,Ordered,BF130-11KM,PINK ROSE & LILY CUBE BOUQUET,Size: Medium ,1,59.99,59.99,0.00,59.99

10160360,17240211,11/11/2016 6:07:56 AM,Completed,Villamor,Agcaoili,,1515 East 218th Street,,Carson,California,90745,,US,3108307133,villstyles@yahoo.com,84.99,0.00,84.99,8.82,12.99,106.80,,,Kathy Chong,Ordered,Kathy,Chong,,14830 Van Buren Ave.,,Gardena,California,90247,,US,4242669126,84.99,0.00,84.99,12.99,Ground,8.82,106.80,,Ordered,145612M,1-800-Flowers® Plum Crazy™,Size: Medium ,1,84.99,84.99,0.00,84.99

10159960,17143975,11/9/2016 2:34:17 PM,Completed,carlos,vargas,,4060 west 161st street,,lawndale,California,90260,,US,3108941473,c_los1011@yahoo.com,49.99,0.00,49.99,5.67,12.99,68.65,,,Elizabeth Sanchez,Ordered,Elizabeth,Sanchez,Beach Babies,1775 Artesia Blvd.,,manhattan beach,California,90266,,US,3108941473,49.99,0.00,49.99,12.99,Ground,5.67,68.65,,Ordered,BF298-11KM,ROMANCE WISHES,Size: Medium ,1,49.99,49.99,0.00,49.99

10159716,17110926,11/8/2016 12:25:47 AM,Completed,KRISTA,ANDERSON,,723 N. IRENA AVE UNIT B,,REDONDO BEACH,California,90277,,US,7029858154,exband@mgkelly.com,79.99,0.00,79.99,8.37,12.99,101.35,,,KRISTA ANDERSON,Ordered,KRISTA,ANDERSON,,723 N. IRENA AVE UNIT B,,REDONDO BEACH,California,90277,,US,7029858154,79.99,0.00,79.99,12.99,Ground,8.37,101.35,,Ordered,BF110-11KM,ELEGANT ROSE WISHES,,1,79.99,79.99,0.00,79.99

10159616,17034195,11/7/2016 5:36:13 PM,Completed,Gerald,Dutcher,,1746 5th Street,,Manhattan Beach,California,90266,,US,3103764404,gldutcher1@gmail.com,74.99,0.00,74.99,7.92,12.99,95.90,,,Carol Dutcher,Ordered,Carol,Dutcher,,1746 5th Street,,Manhattan Beach,California,90266,,US,3106480544,74.99,0.00,74.99,12.99,Ground,7.92,95.90,,Ordered,BF232-11KM,1 1/2 DOZEN ROSES - RED,,1,74.99,74.99,0.00,74.99

10159367,10149490,11/5/2016 6:32:32 AM,Completed,Oleg,Kononov,,2723 Rockefeller Ln,Apt #6,Redondo Beach,California,90278,,US,3103799769,w1945v@verizon.net,79.99,0.00,79.99,8.37,12.99,101.35,,,Alyona Kononova,Ordered,Alyona,Kononova,,2723 Rockefeller Ln,Apt #6,Redondo Beach,California,90278,,US,3103799769,79.99,0.00,79.99,12.99,Ground,8.37,101.35,,Ordered,BF110-11KM,ELEGANT ROSE WISHES,,1,79.99,79.99,0.00,79.99

10158739,9102072,11/2/2016 2:38:21 PM,Completed,Ashlie,Pimentel,,2665 Middle River Drive,Apt 7,Fort Lauderdale,Florida,33306,,US,3104085595,apimentel@wedgewood-inc.com,59.99,0.00,59.99,6.57,12.99,79.55,,,Alicia Young,Ordered,Alicia,Young,Wedgewood,2015 Manhattan Beach Blvd,Suite 100,Redondo Beach,California,90278,,US,3106403070,59.99,0.00,59.99,12.99,Ground,6.57,79.55,,Ordered,105651L,1-800-FLOWERS&REG; IT'S MY BIRTHDAY™,Size: Large ,1,59.99,59.99,0.00,59.99
