Web Orders Report
Report generated on 4/17/2017

Search Criteria
Order Date From:,10/01/2016
Order Date To:,10/31/2016
Status:,-- ALL --
Customer:, 
Billing Email:,
Billing Phone:,
Recipient:, 
Recipient Phone:,
SKUL:,
Order#:,
Promotion Code:,
State:,-- Please Select --


ORDER#,BLOOMLINKORDERNO,ORDER DATE,STATUS,BILLING FIRST NAME,BILLING LAST NAME,BILLING COMPANY,BILLING ADDRESS,BILLING ADDRESS 2,BILLING CITY,BILLING STATE,BILLING ZIP,BILLING REGION,BILLING COUNTRY,BILLING PHONE,EMAIL,ORDER MERCHANDISE SUBTOTAL,ORDER DISCOUNT,ORDER SUBTOTAL,ORDER TAX,ORDER SHIPPING,ORDER TOTAL,PROMOTION CODE,,LABEL,RECIPIENT STATUS,FIRST NAME,LAST NAME,COMPANY,ADDRESS 1,ADDRESS 2,CITY,STATE,ZIP,REGION,COUNTRY,PHONE,MERCHANDISE SUBTOTAL,DISCOUNT,SUBTOTAL,SHIPPING,SHIPPING METHOD,TAX,TOTAL,,ITEM STATUS,SKU,ITEM NAME,ATTRIBUTES,QUANTITY,PRICE,ITEM SUBTOTAL,ITEM DISCOUNT,ITEM TOTAL
10157982,8885123,10/28/2016 7:21:41 PM,Completed,Huan,Nguyen,,3761 w 175th st,,Torrance,California,90504,,US,4243618839,hnguyen1017@gmail.com,54.99,0.00,54.99,4.95,0.00,59.94,,,Myself,Ordered,Huan,Nguyen,,3761 w 175th st,,Torrance,California,90504,,US,4243618839,54.99,0.00,54.99,0.00,Ground,4.95,59.94,,Ordered,BF528-11KL,Sunburst of Blossoms Bouquet,Size: Large ,1,54.99,54.99,0.00,54.99

10157439,8818701,10/26/2016 2:37:03 PM,Completed,Michael,Williams,,4434 w 135th St,Apt 20,Hawthorne,California,90250,,US,3106867970,mikemike2878@gmail.com,49.99,0.00,49.99,5.67,12.99,68.65,,,Keshuna payne,Ordered,Keshuna,Payne,Boeing,2020 E Imperial Hwy,Bldg. S27,El segundo,California,90245,,US,3106867970,49.99,0.00,49.99,12.99,Ground,5.67,68.65,,Ordered,BF104-11KM,MY ROSY VALENTINE,Size: Medium ,1,49.99,49.99,0.00,49.99

10157323,8803663,10/25/2016 8:07:33 PM,Completed,John,Shaw,,2308 Marshallfield Lane,Unit A,Redondo Beach,California,90278,,US,5626192277,jvshaw19@gmail.com,39.99,0.00,39.99,3.60,0.00,43.59,,,Myself,Ordered,John,Shaw,,2308 Marshallfield Lane,Unit A,Redondo Beach,California,90278,,US,5626192277,39.99,0.00,39.99,0.00,,3.60,43.59,,Ordered,BF104-11KS,MY ROSY VALENTINE,Size: Small ,1,39.99,39.99,0.00,39.99

10157303,8802026,10/25/2016 7:21:38 PM,Completed,Theodore,Scheumann,"Verity Build, Inc.",20950 South Normandie Ave. Unit A,,Torrance,California,90502,,US,3103752080,jennifer@veritybaths.com,249.95,49.99,199.96,24.39,70.95,295.30,Verity,,Sarah & Brien Meagher,Ordered,Sarah & Brien,Meagher,,5727 Capeswood Drive,,RPV,California,90275,,US,9173711068,49.99,10.00,39.99,15.99,Ground,5.04,61.02,,Ordered,BF222-11KM,TROPICAL SOPHISTICATION,,1,49.99,49.99,10.00,39.99
10157303,8802026,10/25/2016 7:21:38 PM,Completed,Theodore,Scheumann,"Verity Build, Inc.",20950 South Normandie Ave. Unit A,,Torrance,California,90502,,US,3103752080,jennifer@veritybaths.com,249.95,49.99,199.96,24.39,70.95,295.30,Verity,,Jim Roos & Carlos,Ordered,Jim & Carlos,Roos,,3005 PV Drive West,,PVE,California,90274,,US,3104635090,49.99,10.00,39.99,15.99,Ground,5.04,61.02,,Ordered,BF222-11KM,TROPICAL SOPHISTICATION,,1,49.99,49.99,10.00,39.99
10157303,8802026,10/25/2016 7:21:38 PM,Completed,Theodore,Scheumann,"Verity Build, Inc.",20950 South Normandie Ave. Unit A,,Torrance,California,90502,,US,3103752080,jennifer@veritybaths.com,249.95,49.99,199.96,24.39,70.95,295.30,Verity,,Bonnie Curtis,Ordered,Bonnie,Curtis,,408 Bungalow Drive,,El Segundo,California,90245,,US,3107808210,49.99,10.00,39.99,12.99,Ground,4.77,57.75,,Ordered,BF222-11KM,TROPICAL SOPHISTICATION,,1,49.99,49.99,10.00,39.99
10157303,8802026,10/25/2016 7:21:38 PM,Completed,Theodore,Scheumann,"Verity Build, Inc.",20950 South Normandie Ave. Unit A,,Torrance,California,90502,,US,3103752080,jennifer@veritybaths.com,249.95,49.99,199.96,24.39,70.95,295.30,Verity,,Naomi Nakasuji,Ordered,Naomi,Nakasjui,,"16616 Taylor St., Torrance, CA 90504",,Torrance,California,90504,,US,3105325166,49.99,10.00,39.99,12.99,Ground,4.77,57.75,,Ordered,BF222-11KM,TROPICAL SOPHISTICATION,,1,49.99,49.99,10.00,39.99
10157303,8802026,10/25/2016 7:21:38 PM,Completed,Theodore,Scheumann,"Verity Build, Inc.",20950 South Normandie Ave. Unit A,,Torrance,California,90502,,US,3103752080,jennifer@veritybaths.com,249.95,49.99,199.96,24.39,70.95,295.30,Verity,,Anita Novotny & Mel Turner,Ordered,Anita & Mel,Turner,,14927 Cordary Ave,,Hawthorne,California,90250,,US,3106441097,49.99,9.99,40.00,12.99,Ground,4.77,57.76,,Ordered,BF222-11KM,TROPICAL SOPHISTICATION,,1,49.99,49.99,9.99,40.00

10157107,8784060,10/25/2016 3:28:58 AM,Completed,Alicia,Beck,,256A Kosciuszko St,,Brooklyn,New York,11221,,US,3109406606,aliciambeck@gmail.com,39.98,0.00,39.98,4.77,12.99,57.74,,,Nina Beck,Ordered,Nina,Beck,,1916 Plant Ave,,Redondo,California,90278,,US,3106982325,39.98,0.00,39.98,12.99,,4.77,57.74,,Ordered,BF224-11KS,BEST WISHES BOUQUET,Size: Small ,1,29.99,29.99,0.00,29.99
10157107,8784060,10/25/2016 3:28:58 AM,Completed,Alicia,Beck,,256A Kosciuszko St,,Brooklyn,New York,11221,,US,3109406606,aliciambeck@gmail.com,39.98,0.00,39.98,4.77,12.99,57.74,,,Nina Beck,Ordered,Nina,Beck,,1916 Plant Ave,,Redondo,California,90278,,US,3106982325,39.98,0.00,39.98,12.99,,4.77,57.74,,Ordered,ADD-CHOC-S,ASSORTED CHOCOLATES,Size: Small ,1,9.99,9.99,0.00,9.99

10157035,8775614,10/24/2016 7:48:59 PM,Completed,Corey,Gale,,19524 Flavian Ave,,Torrance,California,90254,,US,3103086914,csg21csg@msn.com,49.99,0.00,49.99,5.67,12.99,68.65,,,Cathy Garcia,Ordered,Cathy,Garcia,,640 Ave B,,REDONDO beach,California,90277,,US,3103086914,49.99,0.00,49.99,12.99,Ground,5.67,68.65,,Ordered,BF243-11KM,ROSY REFLECTION,,1,49.99,49.99,0.00,49.99

10156359,8698297,10/20/2016 6:25:20 PM,Completed,Christina,Yu,5 Grove St. Unit 9,5 Grove St. Unit 9,,Boston,Massachusetts,02114,,US,3109409694,yuchristinam@gmail.com,39.99,0.00,39.99,0.00,12.99,52.98,,,Nikki Perrotta,Ordered,Nikki,Perrotta,,822 144th St. Unit D,,Hermosa Beach,Massachusetts,90254,,US,3109998665,39.99,0.00,39.99,12.99,Ground,0.00,52.98,,Ordered,BF329-11KS,TRIBUTE MIXED VASE ARRANGEMENT - ALL WHITE,Size: Small ,1,39.99,39.99,0.00,39.99

10156347,8696742,10/20/2016 5:44:31 PM,Completed,Alejandro,Montano,,2610 Voorhees Ave.,APT 2,Redondo Beach,California,90278,,US,3108008576,alex.montano.ca@gmail.com,59.99,0.00,59.99,6.57,12.99,79.55,,,Christina Montano,Ordered,Christina,Montano,,2610 Voorhees Ave.,APT 2,Redondo Beach,California,90278,,US,3108008576,59.99,0.00,59.99,12.99,Ground,6.57,79.55,,Ordered,BF165-11KM,NEW VICTORIAN ROMANCE,,1,59.99,59.99,0.00,59.99

10156120,8672289,10/19/2016 7:14:44 PM,Completed,Joseph,Trevino,,5806 Equestrian Ct.,,Chino,California,91710,,US,9093424422,joe.trevino90@gmail.com,69.99,0.00,69.99,7.47,12.99,90.45,,,Marci,Ordered,Marci,Davis,Vicara,820 S Sepulveda Blvd #104,,El Segundo,California,90245,,US,3103226454,69.99,0.00,69.99,12.99,Ground,7.47,90.45,,Ordered,BF103-11KM,LOVELY LILY & PINK ROSE CUBE,,1,69.99,69.99,0.00,69.99

10155950,8652484,10/19/2016 3:11:57 AM,Completed,Barbara,Bainton,,17019 Wilkie Avenue,,Torrance,California,90504,,US,3107554881,barbarabainton@aol.com,59.99,0.00,59.99,5.40,0.00,65.39,,,Myself,Ordered,Barbara,Bainton,,17019 Wilkie Avenue,,Torrance,California,90504,,US,3107554881,59.99,0.00,59.99,0.00,Ground,5.40,65.39,,Ordered,91811L,1-800-FLOWERS&REG; RED ROSE CORSAGE AND BOUTONNIERE,Size: Large ,1,59.99,59.99,0.00,59.99

10155860,8641410,10/18/2016 6:30:38 PM,Completed,Mary,Carnes,Inner Circle Investments,2700 Pacific Coast Highway,2nd Floor,Torrance,California,90277,,US,9494278082,mcarnes@frontierrg.com,49.99,0.00,49.99,5.67,12.99,68.65,,,Myself,Ordered,Mary,Carnes,,2700 Pacific Coast Highway,2nd Floor,Torrance,California,90277,,US,9494278082,49.99,0.00,49.99,12.99,Ground,5.67,68.65,,Ordered,95384S,ALL PINK HEALING TEARS,Size: Small ,1,49.99,49.99,0.00,49.99

10155820,8635719,10/18/2016 4:00:59 PM,Completed,Jeffrey,Barragan,,1836 W 153rd,,Gardena,California,90249,,US,3103570232,jaybarragan@gmail.com,59.99,0.00,59.99,6.57,12.99,79.55,,,Mildread Orantes,Ordered,Mildread,Orantes,,2508 Columbia St,,Torrance,California,90503,,US,3104698271,59.99,0.00,59.99,12.99,Ground,6.57,79.55,,Ordered,99165M,1-800-FLOWERS® PLUM CRAZY™  FOR FALL,Size: Medium ,1,59.99,59.99,0.00,59.99

10155812,8634897,10/18/2016 3:38:57 PM,Completed,Michael,Dumas,,1919A Havemeyer Ln,,Redondo Beach,California,90278,,US,3106508335,msdumas@gmail.com,69.99,0.00,69.99,7.47,12.99,90.45,,,Jackie Dumas,Ordered,Jackie,Dumas,Kirbys Law,2614 Artesia Blvd,,Redondo Beach,California,90278,,US,3103728429,69.99,0.00,69.99,12.99,Ground,7.47,90.45,,Ordered,BF90-11KM,LOVELY LILY & ROSE CELEBRATION BOUQUET,Size: Medium ,1,69.99,69.99,0.00,69.99

10155689,8622973,10/18/2016 1:00:27 AM,Completed,Cameron,Zimmerman,,1234A Page Street,Unit A,San Francisco,California,94117,,US,3109183111,camczimm@gmail.com,39.99,0.00,39.99,4.77,12.99,57.75,,,Courtney Zimmerman,Ordered,Courtney,Zimmerman,,8 Sausalito Circle W,,Manhattan Beach,California,90266,,US,3109383180,39.99,0.00,39.99,12.99,Ground,4.77,57.75,,Ordered,91791S,1-800-FLOWERS&REG; GREEN TIN PLANTER FIELDS OF EUROPE™,Size: Small ,1,39.99,39.99,0.00,39.99

10155630,8614615,10/17/2016 7:15:48 PM,Completed,Dana,Wilkinson,"Q Industries, Inc.",1243 Fillmore Street,,Hollywood,Florida,33019,,US,2032578100,dwilkinson@qindustries.net,94.99,0.00,94.99,9.72,12.99,117.70,,,Teresa Naeole,Ordered,Teresa,Naeole,,14615 Larch Ave,,Lawndale,California,90260,,US,9492413681,94.99,0.00,94.99,12.99,Ground,9.72,117.70,,Ordered,BF126-11KL,BOUNTIFUL IMPRESSIONS,Size: Large ,1,94.99,94.99,0.00,94.99

10155369,8587774,10/16/2016 7:40:36 PM,Completed,Marcela,Campos,,11965 Candor St.,,Cerritos,California,90703,,US,5625224228,camposmarcela1966@gmail.com,44.99,0.00,44.99,5.22,12.99,63.20,,,Yolanda Ramirez,Ordered,Yolanda,Ramirez,,1513 Ford Ave.,,Redondo Beach,California,90278,,US,3103740827,44.99,0.00,44.99,12.99,Ground,5.22,63.20,,Ordered,BF345-11KM,HARVEST PUMPKIN,Size: Medium ,1,44.99,44.99,0.00,44.99

10155359,8586768,10/16/2016 6:05:32 PM,Completed,Ryan,Rosen,,322 Nautica Way,,Costa Mesa,California,92627,,US,6027404986,ryanrosen06@gmail.com,49.99,0.00,49.99,5.67,12.99,68.65,,,Laura Masterson,Ordered,Laura,Masterson,,1601 Stanford Avenue,,Redondo Beach,California,90278,,US,6199339080,49.99,0.00,49.99,12.99,Ground,5.67,68.65,,Ordered,95432S,MULTICOLOR PASTEL HEALING TEARS,Size: Small ,1,49.99,49.99,0.00,49.99

10155327,8583421,10/16/2016 11:48:59 AM,Completed,Ben,Gordon,,4726 Snowden ave,,Lakewood,California,90713,,US,6028821186,gordonb2000@gmail.com,119.99,0.00,119.99,11.97,12.99,144.95,,,Abby Goodman,Ordered,Abby,Goodman,,1910 Robinson St,,Redondo Beach,California,90278,,US,4802611853,119.99,0.00,119.99,12.99,Ground,11.97,144.95,,Ordered,BF241-11KL,WHITE ROSE BOUQUET,Size: Large ,1,119.99,119.99,0.00,119.99

10154785,8519626,10/13/2016 1:40:05 PM,Completed,Seth,Vorland,,7348 summit vista,,Prescott valley,California,86315,,US,3109029548,svorland@gmail.com,39.99,0.00,39.99,4.77,12.99,57.75,,,Bridget Vorland,Ordered,Bridget,Vorland,,815 Knob Hill,,Redondo Beach,California,90277,,US,6264304956,39.99,0.00,39.99,12.99,Ground,4.77,57.75,,Ordered,BF336-11KS,HAND SELECTED BOUQUET FOR MOM,Size: Small ,1,39.99,39.99,0.00,39.99

10154204,8390619,10/10/2016 11:12:11 PM,Completed,jason,lightner,,1909 rees rd,,San Marcos,California,92069,,US,7606419079,flyingjay1@gmail.com,59.99,0.00,59.99,6.57,12.99,79.55,,,Jessi Lang,Ordered,Jessi,Lang,,117 s lucia apt#3,,redondo beach,California,90277,,US,7606419079,59.99,0.00,59.99,12.99,Ground,6.57,79.55,,Ordered,103384,1-800-FLOWERS&REG; ORCHID EMBRACE™,,1,59.99,59.99,0.00,59.99

10154162,8381227,10/10/2016 7:43:53 PM,Completed,Janet,Vazquez,,4915 W 112TH ST,,INGLEWOOD,California,90304,,US,3108669629,jan.jan658@gmail.com,59.99,0.00,59.99,5.40,0.00,65.39,,,Myself,Ordered,Janet,Vazquez,,4915 W 112TH ST,,INGLEWOOD,California,90304,,US,3108669629,59.99,0.00,59.99,0.00,Ground,5.40,65.39,,Ordered,BF253-11KL,LOVING LAVENDER WISHES,Size: Large ,1,59.99,59.99,0.00,59.99

10153968,8327487,10/9/2016 7:11:29 PM,Completed,JAYDON,MIRANDA,,670 E. ESTHER ST,APT #37,Long Beach,California,90813,,US,5622349343,jaydonmiranda@gmail.com,49.99,0.00,49.99,5.67,12.99,68.65,,,Brenda Lopez,Ordered,Brenda,Lopez,Lincoln school,2223 Plant avenue,,Redondo Beach,California,90278,,US,3107988646,49.99,0.00,49.99,12.99,Ground,5.67,68.65,,Ordered,BF17-11K,SUNFLOWER FIELDS,,1,49.99,49.99,0.00,49.99

10153391,8205587,10/6/2016 1:28:51 AM,Completed,Sheri,Demoff,,2559 Plaza Del Amo #309,,Torrance,California,90503,,US,3107483162,sldemoff@sbcglobal.net,49.99,0.00,49.99,4.50,0.00,54.49,,,Myself,Ordered,Sheri,Demoff,,2559 Plaza Del Amo #309,,Torrance,California,90503,,US,3107483162,49.99,0.00,49.99,0.00,,4.50,54.49,,Ordered,1990,1-800-Flowers® Birthday Flower Cake® Bright,,1,49.99,49.99,0.00,49.99

10153232,8187057,10/5/2016 2:57:27 PM,Completed,Frances,Parker,,320 Ferguson St NE,,Atlanta,Georgia,30307,,US,4044039980,fmparker88@gmail.com,44.99,0.00,44.99,5.22,12.99,63.20,,,Sally & Robert & Family,Ordered,Sally & Robert,Sadler,,525 N. Juanita Ave,Unit #3,Redondo Beach,California,90277,,US,4109265327,44.99,0.00,44.99,12.99,Ground,5.22,63.20,,Ordered,99202,"1-800-FLOWERS&REG; SPATHIPHYLLUM FLOOR PLANT  8""D",,1,44.99,44.99,0.00,44.99

10153159,8178157,10/5/2016 1:42:39 AM,Completed,Kandy,Schlitt,,1460 Kimbel Lane,,Jackson,California,63755,,US,5735796122,schlitt3@netzero.com,49.99,0.00,49.99,5.67,12.99,68.65,,,Alma Hopper,Ordered,Alma,Hopper,,"2308 Curtis Avenue, # D",,Redondo Beach,California,90278,,US,3103718370,49.99,0.00,49.99,12.99,Ground,5.67,68.65,,Ordered,141471,1-800-FLOWERS® CLASSIC COLLECTION™ GOURMET GIFT BASKET,,1,49.99,49.99,0.00,49.99

10152954,8153971,10/4/2016 7:47:45 AM,Completed,Colleen,Delane,,Svanedamsveien 50,,Kristiansand,California,90277,,US,3105403418,colleendelaneskibs@gmail.com,84.98,0.00,84.98,9.99,25.98,120.95,,,Mimi & John Delane,Ordered,Mimi,Delane,,737 Esplanade,,Redondo Beach,California,90277,,US,3105403418,44.99,0.00,44.99,12.99,Ground,5.22,63.20,,Ordered,BF344-11KM,PUMPKIN SURPRISE,Size: Medium ,1,44.99,44.99,0.00,44.99
10152954,8153971,10/4/2016 7:47:45 AM,Completed,Colleen,Delane,,Svanedamsveien 50,,Kristiansand,California,90277,,US,3105403418,colleendelaneskibs@gmail.com,84.98,0.00,84.98,9.99,25.98,120.95,,,Ryan & Edenia Delane,Ordered,Ryan,Delane,,228 Avenue A,,Redondo Beach,California,90277,,US,3108083584,39.99,0.00,39.99,12.99,Ground,4.77,57.75,,Ordered,BF200-11KM,FALL HARVEST,,1,39.99,39.99,0.00,39.99
