Web Orders Report
Report generated on 4/17/2017

Search Criteria
Order Date From:,09/01/2016
Order Date To:,09/30/2016
Status:,-- ALL --
Customer:, 
Billing Email:,
Billing Phone:,
Recipient:, 
Recipient Phone:,
SKUL:,
Order#:,
Promotion Code:,
State:,-- Please Select --


ORDER#,BLOOMLINKORDERNO,ORDER DATE,STATUS,BILLING FIRST NAME,BILLING LAST NAME,BILLING COMPANY,BILLING ADDRESS,BILLING ADDRESS 2,BILLING CITY,BILLING STATE,BILLING ZIP,BILLING REGION,BILLING COUNTRY,BILLING PHONE,EMAIL,ORDER MERCHANDISE SUBTOTAL,ORDER DISCOUNT,ORDER SUBTOTAL,ORDER TAX,ORDER SHIPPING,ORDER TOTAL,PROMOTION CODE,,LABEL,RECIPIENT STATUS,FIRST NAME,LAST NAME,COMPANY,ADDRESS 1,ADDRESS 2,CITY,STATE,ZIP,REGION,COUNTRY,PHONE,MERCHANDISE SUBTOTAL,DISCOUNT,SUBTOTAL,SHIPPING,SHIPPING METHOD,TAX,TOTAL,,ITEM STATUS,SKU,ITEM NAME,ATTRIBUTES,QUANTITY,PRICE,ITEM SUBTOTAL,ITEM DISCOUNT,ITEM TOTAL
10152254,8073422,9/30/2016 4:27:22 AM,Completed,Kristen,Powell,,18903 Roselle Ave,,Torrance,California,90504,,US,3102147913,live2danceklp@gmail.com,34.99,0.00,34.99,4.32,12.99,52.30,,,Myself,Ordered,Kristen,Powell,,18903 Roselle Ave,,Torrance,California,90504,,US,3109133632,34.99,0.00,34.99,12.99,Ground,4.32,52.30,,Ordered,91804S,1-800-FLOWERS&REG; WHITE ROSE CORSAGE,Size: Small ,1,34.99,34.99,0.00,34.99

10152241,8072161,9/30/2016 1:58:07 AM,Completed,Stephanie,Hammond,,209 S Francisca Ave Apt 4,,Redondo Beach,California,90277,,US,3103519414,egish4474@yahoo.com,39.99,0.00,39.99,4.77,12.99,57.75,,,Stephanie Hammond,Ordered,Stephanie,Hammond,,209 S Francisca Ave Apt 4,,Redondo Beach,California,90277,,US,3103519414,39.99,0.00,39.99,12.99,Ground,4.77,57.75,,Ordered,147203,1-800-FLOWERS® DAISY DAYS™,,1,39.99,39.99,0.00,39.99

10152225,8070542,9/29/2016 11:53:58 PM,Completed,Fabiola,gutierrez,,12105 223rd Ave E,,bonneylake,Washington,98391,,US,2538864853,salvadorg838@yahoo.com,39.99,0.00,39.99,4.77,12.99,57.75,,,Maria gomez,Ordered,Maria,Gomez,,4605 w 163 st,,Lawndale,California,90260,,US,3103700843,39.99,0.00,39.99,12.99,Ground,4.77,57.75,,Ordered,BF182-11KM,MY SUNNY DAISY BOUQUET,,1,39.99,39.99,0.00,39.99

10151774,8012929,9/28/2016 2:27:24 AM,Completed,Kristen,Powell,,18903 Roselle Ave,,Torrance,California,90504,,US,3102147913,live2danceklp@gmail.com,20.00,0.00,20.00,2.97,12.99,35.96,,,Myself,Ordered,Kristen,Powell,,18903 Roselle Ave,,Torrance,California,90504,,US,3102147913,20.00,0.00,20.00,12.99,Ground,2.97,35.96,,Ordered,95314,1-800-FLOWERS® BLUE RING BEARER BOUTONNIERE,,2,10.00,20.00,0.00,20.00

10150860,7902667,9/22/2016 7:26:38 PM,Completed,Amy,Junne,,2370 Diamond Bar Blvd. Apt. F,,Diamond Bar,California,91765,,US,9096301842,ajjunne@gmail.com,54.99,0.00,54.99,6.12,12.99,74.10,,,Anita and Josh Balster,Ordered,Anita and Josh,Balster,,1620 Artesia Blvd. #4,,Redondo Beach,California,90278,,US,5624057072,54.99,0.00,54.99,12.99,Ground,6.12,74.10,,Ordered,BF176-11KM,LOVING LILIES & ROSES,,1,54.99,54.99,0.00,54.99

10150748,7890284,9/22/2016 2:29:16 PM,Completed,Christi,Christensen,,1821 Heron Dr.,,Aubrey,Texas,76227,,US,9038161428,strokeofluke@yahoo.com,59.99,0.00,59.99,6.57,12.99,79.55,,,Harriet Yakatan,Ordered,Harriet,Yakatan,,245 33rd. Street,,Hermosa Beach,California,90254,,US,7862299877,59.99,0.00,59.99,12.99,Ground,6.57,79.55,,Ordered,BF90-11KS,LOVELY LILY & ROSE CELEBRATION BOUQUET,Size: Small ,1,59.99,59.99,0.00,59.99

10150583,7843682,9/21/2016 5:27:13 PM,Completed,philip,taveira,,60 cherry street,,lynn,Massachusetts,01902,,US,7815984270,philiptaveira@hotmail.com,29.99,0.00,29.99,2.70,0.00,32.69,,,Ingrid Viklund,Ordered,Ingrid,Viklund,,1032 Avenue A,,Redondo,California,90277,,US,3109471924,29.99,0.00,29.99,0.00,,2.70,32.69,,Ordered,BF417-11KP,WOODLAND BROMELIAD PLANT,,1,29.99,29.99,0.00,29.99

10150570,7840927,9/21/2016 4:42:15 PM,Completed,philip,taveira,,60 cherry street,,lynn,California,01902,,US,7815984270,philiptaveira@hotmail.com,159.99,0.00,159.99,14.40,0.00,174.39,,,Kelsey Parigian,Ordered,Kelsey,Parigian,,1032 Avenue A,,redondo,California,90277,,US,3109471924,159.99,0.00,159.99,0.00,,14.40,174.39,,Ordered,105667L,1-800-FLOWERS® MARQUIS BY WATERFORD® WITH PURPLE ROSE AND LILY BOUQUET,Size: Large ,1,159.99,159.99,0.00,159.99

10149468,7601869,9/15/2016 11:43:42 PM,Completed,Nimfa,Magalong,South Bay Galleria,1032 W. 182nd Street,,Gardena,California,90248,,US,3104182271,nimfamagalong@forestcity.net,54.99,0.00,54.99,6.12,12.99,74.10,,,Michael Sharobiem,Ordered,Michael,Sharobiem,South Bay Galleria,"1815 Hawthorne Blvd, Suite 201",,Redondo Beach,California,90278,,US,3103711596,54.99,0.00,54.99,12.99,Ground,6.12,74.10,,Ordered,BF56-11KM,BLOOMS A BOUNTY,,1,54.99,54.99,0.00,54.99

10149183,7572781,9/14/2016 9:21:21 PM,Completed,Lynn,Attig,,704 N. Juanita Ave.,,Redondo Beach,California,90277,,US,3103748309,lynnattig@gmail.com,59.99,0.00,59.99,6.57,12.99,79.55,,,Deb Browne,Ordered,Deb,Browne,,21075 Tomlee Ave.,,Torrance,California,90503,,US,3109471123,59.99,0.00,59.99,12.99,Ground,6.57,79.55,,Ordered,146627M,1-800-FLOWERS® PITCHER FULL OF SUNSHINE™,Size: Medium ,1,59.99,59.99,0.00,59.99

10148924,7547871,9/13/2016 11:59:00 PM,Completed,Ismael,Estrada,,3711 w 230th st,Apt 109,Torrance,California,90505,,US,3106263578,ismaelestrada@hotmail.com,69.99,0.00,69.99,6.30,0.00,76.29,,,Monica,Ordered,Ismael,Estrada,,3711 w 230th st,Apt 109,Torrance,California,90505,,US,3106263578,69.99,0.00,69.99,0.00,Ground,6.30,76.29,,Ordered,105015M,1-800-FLOWERS® EXPRESSIONS OF PINK™,Size: Medium ,1,69.99,69.99,0.00,69.99

10148875,7543524,9/13/2016 8:25:12 PM,Completed,Brian,Larrabure,,P.O. Box 6434,,Woodland Hills,California,91365,,US,8187000041,jesse@larrabureframing.com,69.99,0.00,69.99,7.47,12.99,90.45,,,Mario Perez,Ordered,MARIO,PEREZ,,900 CEDAR ST.,# 206,EL SEGUNDO,California,90245,,US,6197390958,69.99,0.00,69.99,12.99,Ground,7.47,90.45,,Ordered,95413L,"BLUE & WHITE PEACE, PRAYERS & BLESSINGS",Size: Large ,1,69.99,69.99,0.00,69.99

10148771,7528826,9/13/2016 2:11:16 PM,Completed,Judith,Greiner,,39 Harbor Hill Road,,Grosse Pointe Farms,California,48236,,US,3139802101,judygreiner@comcast.net,49.99,0.00,49.99,5.67,12.99,68.65,,,Mara and Kyle Kimel,Ordered,Mara and Kyle,Kimel,c/o The Village Garden - Baiba Glassford Reception,1728 S. Catalina Avenue,,Redondo Beach,California,90277,,US,3105438801,49.99,0.00,49.99,12.99,Ground,5.67,68.65,,Ordered,BF172-11KM,JUST BECAUSE,,1,49.99,49.99,0.00,49.99

10148713,7521002,9/13/2016 12:32:38 AM,Completed,Jay,Takata,,1742 Harper ave,,Redondo beach,California,90278,,US,5628825384,jaytakata@yahoo.com,59.99,0.00,59.99,6.57,12.99,79.55,,,Patti Awaya,Ordered,Patti,Awaya,Kinecta,1440 Rosecrans Ave,4th floor,Manhattan Beach,California,90266,,US,3106733277,59.99,0.00,59.99,12.99,Ground,6.57,79.55,,Ordered,BF104-11KL,MY ROSY VALENTINE,Size: Large ,1,59.99,59.99,0.00,59.99

10148698,7519410,9/12/2016 10:51:15 PM,Completed,John,Corso,,237 NW Florida Ave,,Bend,California,97703,,US,5414104303,jlcorso@bendcable.com,119.99,0.00,119.99,11.97,12.99,144.95,,,Charles Gass and Family,Ordered,Charles,Gass,,15226 Gerkin Ave,,Lawndale,California,90260,,US,5414104303,119.99,0.00,119.99,12.99,Ground,11.97,144.95,,Ordered,91219,WHITE ROSE FIRESIDE BASKET,,1,119.99,119.99,0.00,119.99

10148447,7488628,9/11/2016 5:54:23 PM,Completed,Brittany,Beltran,,532 28th Ave. Unit #1,,San Francisco,California,94121,,US,6263753441,brittanyannb1590@gmail.com,39.99,0.00,39.99,4.77,12.99,57.75,,,Lisa Beltran,Ordered,Lisa,Beltran,,2610 Graham Ave. #B,,Redondo Beach,California,90278,,US,2137607725,39.99,0.00,39.99,12.99,Ground,4.77,57.75,,Ordered,BF16-11K,RICH 'N ROSY,,1,39.99,39.99,0.00,39.99

10148416,7485321,9/11/2016 8:48:28 AM,Completed,Moises,Torres,,16612 S. Denver Ave,,Gardena,California,90248,,US,3234538169,mtorres165@toromail.csudh.edu,49.99,0.00,49.99,4.50,0.00,54.49,,,Myself,Ordered,Moises,Torres,,16612 S. Denver Ave,,Gardena,California,90248,,US,3234538169,49.99,0.00,49.99,0.00,Ground,4.50,54.49,,Ordered,BF116-11KS,YOU'RE FOREVER IN MY HEART,Size: Small ,1,49.99,49.99,0.00,49.99

10148093,7443778,9/9/2016 12:38:26 AM,Completed,Susan,Weidig,,404 east maple ave,,El segundo,California,90245,,US,3109634060,beopen2@sbcglobal.net,119.99,0.00,119.99,12.24,15.99,148.22,,,Don Byers,Ordered,Don,Byers,Green Hills Memorial park,27501 south western ave.,,Rancho palos verdes,California,90275,,US,3109634060,119.99,0.00,119.99,15.99,Ground,12.24,148.22,,Ordered,91206L,YELLOW & WHITE SYMPATHY FLOOR BASKET,Size: Large ,1,119.99,119.99,0.00,119.99

10147514,7380199,9/6/2016 9:19:49 PM,Completed,Kirsten,Oakley,,21 Camino Quien Sabe,,Santa Fe,New Mexico,87505,,US,3035893432,koakley88@gmail.com,49.99,0.00,49.99,5.67,12.99,68.65,,,The Stoia Family,Ordered,Cathy,Stoia,C/0 William Keller,320 The Village  Drive #309,The Ocean Club,Redondo Beach,California,90277,,US,3102006451,49.99,0.00,49.99,12.99,Ground,5.67,68.65,,Ordered,BF167-11KM,SUNFLOWER SURPRISE,,1,49.99,49.99,0.00,49.99

10147247,7352127,9/5/2016 8:11:42 PM,Completed,Alia,Fahlborg,,PO Box 63,,Diamond Point,New York,12824,,US,3104636842,fahlborg@mac.com,39.99,0.00,39.99,4.77,12.99,57.75,,,Sue Hunsucker,Ordered,Sue,Hunsucker,,3007 Johnston Ave,,Redondo Beach,California,90278,,US,3105421723,39.99,0.00,39.99,12.99,Ground,4.77,57.75,,Ordered,BF403-11KM,GARDEN IVY BASKET,,1,39.99,39.99,0.00,39.99

10146999,7319976,9/2/2016 6:32:11 PM,Completed,Joel,Lazo,,3728 Mayfair Drive,,Los Angeles,California,90065,,US,5624811944,joelclazo@gmail.com,29.99,0.00,29.99,3.87,12.99,46.85,,,Recipient,Ordered,Kacey,Martinez,Alta Vista Elementary School,815 Knob Hill Ave,,Redondo Beach,California,90277,,US,3107988650,29.99,0.00,29.99,12.99,Ground,3.87,46.85,,Ordered,BF417-11KP,WOODLAND BROMELIAD PLANT,,1,29.99,29.99,0.00,29.99

10146824,7300559,9/1/2016 8:40:46 PM,Completed,Paul,Knittel,Dr. Paul's Immediate Care,1812 Artesia Blvd,,Redondo Beach,California,90066,,US,310-374-5600,joren@mydrpaul.com,44.99,0.00,44.99,5.22,12.99,63.20,,,Alex,Ordered,Alex,Gensmer,,1812 Artesia Blvd,,Redondo Beach,California,90278,,US,3103745600,44.99,0.00,44.99,12.99,Ground,5.22,63.20,,Ordered,BF173-11KM,PINK 'N PRETTY BOUQUET,,1,44.99,44.99,0.00,44.99
