Web Orders Report
Report generated on 4/17/2017

Search Criteria
Order Date From:,02/01/2017
Order Date To:,02/28/2017
Status:,-- ALL --
Customer:, 
Billing Email:,
Billing Phone:,
Recipient:, 
Recipient Phone:,
SKUL:,
Order#:,
Promotion Code:,
State:,-- Please Select --


ORDER#,BLOOMLINKORDERNO,ORDER DATE,STATUS,BILLING FIRST NAME,BILLING LAST NAME,BILLING COMPANY,BILLING ADDRESS,BILLING ADDRESS 2,BILLING CITY,BILLING STATE,BILLING ZIP,BILLING REGION,BILLING COUNTRY,BILLING PHONE,EMAIL,ORDER MERCHANDISE SUBTOTAL,ORDER DISCOUNT,ORDER SUBTOTAL,ORDER TAX,ORDER SHIPPING,ORDER TOTAL,PROMOTION CODE,,LABEL,RECIPIENT STATUS,FIRST NAME,LAST NAME,COMPANY,ADDRESS 1,ADDRESS 2,CITY,STATE,ZIP,REGION,COUNTRY,PHONE,MERCHANDISE SUBTOTAL,DISCOUNT,SUBTOTAL,SHIPPING,SHIPPING METHOD,TAX,TOTAL,,ITEM STATUS,SKU,ITEM NAME,ATTRIBUTES,QUANTITY,PRICE,ITEM SUBTOTAL,ITEM DISCOUNT,ITEM TOTAL
10193746,71047486,3/1/2017 1:02:55 AM,Completed,John,Yates,,8931 Kiger Street,,Lorton,Virginia,22079,,US,7033395159,rowdynq@verizon.net,34.99,0.00,34.99,4.32,12.99,52.30,,,Ursula Hammock,Ordered,Ursula,Hammock,,2608 Ralston Lane,,Redondo Beach,California,90278,,US,3103793319,34.99,0.00,34.99,12.99,Ground,4.32,52.30,,Ordered,95195,1-800-FLOWERS® CUPCAKE IN BLOOM™,,1,34.99,34.99,0.00,34.99

10193488,71019455,2/28/2017 2:13:45 AM,Completed,caroline,Delao,,640 west santa paula street,,santa paula,California,93060,,US,8058902977,caroline.delao@yahoo.com,49.99,0.00,49.99,5.67,12.99,68.65,,,Cathy Odonnell,Ordered,Cathy,Odonnell,,217 south juanita ave,,redondo beach,California,90277,,US,8058902977,49.99,0.00,49.99,12.99,Ground,5.67,68.65,,Ordered,3361,1-800-FLOWERS&REG; BIRTHDAY DISH GARDEN™,,1,49.99,49.99,0.00,49.99

10193236,70962754,2/26/2017 8:28:13 PM,Completed,James,Yamashiro,,3658 white court,,Torrance,California,90503,,US,3109442377,jsyama104@gmail.com,39.99,0.00,39.99,3.60,0.00,43.59,,,Myself,Ordered,James,Yamashiro,,3658 white court,,Torrance,California,90503,,US,3109442377,39.99,0.00,39.99,0.00,,3.60,43.59,,Ordered,BF423-11KS,SIMPLE DELIGHTS BOUQUET,Size: Small ,1,39.99,39.99,0.00,39.99

10193221,70956937,2/26/2017 5:57:11 PM,Completed,Alexander,Polanco,,1049 Don Alvarado Dr,,Arcadia,California,91006,,US,3234227286,polancoealex@yahoo.com,59.99,0.00,59.99,6.57,12.99,79.55,,,Veronica Ramirez,Ordered,Veronica,Ramirez,Del Amo Hospital,23700 Camino del sol,,Torrence,California,90505,,US,3103456393,59.99,0.00,59.99,12.99,Ground,6.57,79.55,,Ordered,BF110-11KM,ELEGANT ROSE WISHES,,1,59.99,59.99,0.00,59.99

10193207,70952232,2/26/2017 3:53:23 PM,Completed,Judirh,Hernandez,,16707 Hawthorne blvd apt D,,Lawndale,California,90269,,US,4243825600,justshowingoff@ymail.com,99.99,0.00,99.99,10.17,12.99,123.15,,,Martina Hernandez,Ordered,Martina,Hernandez,,16707 Hawthorne blvd apt #D,,Lawndale,California,90260,,US,4243825600,99.99,0.00,99.99,12.99,Ground,10.17,123.15,,Ordered,148018L,1-800-FLOWERS® VICTORIAN ROMANCE,Size: Large ,1,99.99,99.99,0.00,99.99

10193187,70928222,2/26/2017 2:17:08 AM,Completed,Sabrina,Alarcon,,2410B N main st.,,Salinas,California,93906,,US,8312696031,sabrina_renee22@yahoo.com,34.99,0.00,34.99,4.32,12.99,52.30,,,Delia,Ordered,Delia,Gill,,2024 martina ave. Apt. 3,,Torrance,California,90501,,US,8312696031,34.99,0.00,34.99,12.99,Ground,4.32,52.30,,Ordered,BF147-11KM,SUNNY AND BRIGHT BIRTHDAY WISHES,Size: Happy Birthday Balloon ,1,34.99,34.99,0.00,34.99

10192835,70855446,2/23/2017 10:55:58 PM,Completed,Adam,Coffey,,20316 Umbria Way,,Yorba Linda,California,92886,,US,6617558348,lovinalis@yahoo.com,124.99,0.00,124.99,12.42,12.99,150.40,,,Rosa Rodas,Ordered,Rosa,Rodas,Torrance Memorial Medical Center (Hospital),3330 Lomita Blvd,Room 7112,Torrance,California,90505,,US,6617558483,124.99,0.00,124.99,12.99,Ground,12.42,150.40,,Ordered,142119L,1-800-FLOWERS® SPRING SENSATION™,Size: Large ,1,124.99,124.99,0.00,124.99

10192798,70850830,2/23/2017 8:14:09 PM,Completed,Tavaita,Setareki,Sunrise Senior Living Hermosa Beach,1837 Pacific Coast Highway,,Hermosa Beach,California,90254,,US,4243986694,hermosabeach.dos@sunriseseniorliving.com,59.99,0.00,59.99,6.57,12.99,79.55,,,Horvat Family,Ordered,Steve,Horvat,American Martyrs Church,624 15th street,,Manhattan Beach,California,90266,,US,3105455651,59.99,0.00,59.99,12.99,Ground,6.57,79.55,,Ordered,95408M,BLUE & WHITE HEALING TEARS,Size: Medium ,1,59.99,59.99,0.00,59.99

10192395,70800454,2/22/2017 8:16:26 AM,Completed,Colleen,Delane,,Svanedamsveien 50,,Kristiansand,California,90277,,US,3105403418,colleendelaneskibs@gmail.com,49.99,0.00,49.99,5.67,12.99,68.65,,,Mimi Delane,Ordered,Mimi,Delane,,737 Esplanade,,Redondo Beach,California,90277,,US,3105403418,49.99,0.00,49.99,12.99,Ground,5.67,68.65,,Ordered,BF79-11KM,HAVE A GOOD DAY BOUQUET,,1,49.99,49.99,0.00,49.99

10192320,70792905,2/21/2017 9:56:05 PM,Completed,Matthew,Bahr,,PO Box 7131,,Marietta,Georgia,30065,,US,4047257199,Usmcjarhead81@gmail.com,49.98,0.00,49.98,5.67,12.99,68.64,,,Jagoda Wierzbicka,Ordered,Jagoda,Wierzbicka,,2704 Curtis Avenue,Unit 1,Redondo Beach,California,90278,,US,7472382516,49.98,0.00,49.98,12.99,,5.67,68.64,,Ordered,103391,1-800-FLOWERS&REG; BUTTERFLIES IN BLOOM™,,1,39.99,39.99,0.00,39.99
10192320,70792905,2/21/2017 9:56:05 PM,Completed,Matthew,Bahr,,PO Box 7131,,Marietta,Georgia,30065,,US,4047257199,Usmcjarhead81@gmail.com,49.98,0.00,49.98,5.67,12.99,68.64,,,Jagoda Wierzbicka,Ordered,Jagoda,Wierzbicka,,2704 Curtis Avenue,Unit 1,Redondo Beach,California,90278,,US,7472382516,49.98,0.00,49.98,12.99,,5.67,68.64,,Ordered,ADD-CHOC-S,ASSORTED CHOCOLATES,Size: Small ,1,9.99,9.99,0.00,9.99

10192293,70788648,2/21/2017 7:41:09 PM,Completed,Selilah,Kalev,,5226 Laurette Street,,Torrance,California,90503,,US,3109403118,malorie@templemenorah.org,44.98,0.00,44.98,5.22,12.99,63.19,,,Jocelyn Cramer,Ordered,Jocelyn,Cramer,,501 Herondo St. #32,,Hermosa Beach,California,90254,,US,3107488444,44.98,0.00,44.98,12.99,,5.22,63.19,,Ordered,BF407-11KM,CUP OF SUNSHINE,,1,34.99,34.99,0.00,34.99
10192293,70788648,2/21/2017 7:41:09 PM,Completed,Selilah,Kalev,,5226 Laurette Street,,Torrance,California,90503,,US,3109403118,malorie@templemenorah.org,44.98,0.00,44.98,5.22,12.99,63.19,,,Jocelyn Cramer,Ordered,Jocelyn,Cramer,,501 Herondo St. #32,,Hermosa Beach,California,90254,,US,3107488444,44.98,0.00,44.98,12.99,,5.22,63.19,,Ordered,ADD-PLUSH-S,ASSORTED PLUSH,Size: Small ,1,9.99,9.99,0.00,9.99

10192266,70785153,2/21/2017 6:08:42 PM,Completed,Trisha,DiFazio,,7229 Willoighby,,los angeles,California,90046,,US,3234832103,trishdifaz@gmail.com,39.99,0.00,39.99,4.77,12.99,57.75,,,Karen Smith,Ordered,Karen,Smith,Lloyde High School,4951 Marine Ave,,Lawndale,California,90260,,US,3234832103,39.99,0.00,39.99,12.99,Ground,4.77,57.75,,Ordered,BF182-11KM,MY SUNNY DAISY BOUQUET,,1,39.99,39.99,0.00,39.99

10191846,70736006,2/18/2017 8:45:47 PM,Completed,Mary,Janssens,,2706 Freeport Dr,,Moreno Valley,California,92551,,US,9519244351,maryjanssens@gmail.com,49.99,0.00,49.99,5.67,12.99,68.65,,,Lorene Horn,Ordered,Lorene,Horn,,1446 23rd st.,,Manhattan Beach,California,90266,,US,3105461424,49.99,0.00,49.99,12.99,Ground,5.67,68.65,,Ordered,BF53-11KM,TODAY & EVERYDAY,Size: Medium ,1,49.99,49.99,0.00,49.99

10191718,70714640,2/17/2017 7:38:51 PM,Completed,Matthew,Lopez,,1611 POST AVE,,TORRANCE,California,90501,,US,3107220409,mlopez217@me.com,49.99,0.00,49.99,5.67,12.99,68.65,,,Sadie,Ordered,Sadie,S,Dance 1,2228 Artesia Blvd,,Redondo Beach,California,90278,,US,3107220409,49.99,0.00,49.99,12.99,Ground,5.67,68.65,,Ordered,145688,1-800-FLOWERS® SWEET SENSATION™,,1,49.99,49.99,0.00,49.99

10191572,70699310,2/17/2017 4:59:46 AM,Completed,Brian,Blewitt,,15219 Doty Ave,,Lawndale,California,90260,,US,8182637076,brianblewitt@gmail.com,49.99,0.00,49.99,5.67,12.99,68.65,,,Christy ODonnell,Ordered,Christine,ODonnell,,2422 Huntington Ln,Apt B,Redondo Beach,California,90278,,US,8182637076,49.99,0.00,49.99,12.99,Ground,5.67,68.65,,Ordered,BF296-11KM,OUR VALENTINE'S ROMANCE,Size: Medium ,1,49.99,49.99,0.00,49.99

10191528,70695622,2/16/2017 11:56:19 PM,Completed,Nobuhiro,Maeda,"Sophia Enterprises, Inc.",21081 S. Western Ave.,suite 290,Torrance,California,90501,,US,310-328-2179,mae6946@gmail.com,49.99,0.00,49.99,5.67,12.99,68.65,,,Atsuko Sepmeyer,Ordered,Atsuko,Sepmeyer,,"2112 Warfield Ave, #12",,Redondo Beach,California,90278,,US,3102143101,49.99,0.00,49.99,12.99,Ground,5.67,68.65,,Ordered,BF175-11KM,TANGERINE TANGO SURPRISE,,1,49.99,49.99,0.00,49.99

10191497,70691161,2/16/2017 9:05:54 PM,Completed,Judith,Rodriguez,,"641 N. Pomona Ave., Apt. D",,Fullerton,California,92832,,US,5624006127,jj@cerritoscpas.com,49.99,0.00,49.99,5.67,12.99,68.65,,,Georgina,Ordered,Georgina,Moreno,,49 7th Street,,Hermosa Beach,California,90254,,US,3106001767,49.99,0.00,49.99,12.99,Ground,5.67,68.65,,Ordered,BF109-11KM,BASKET OF LOVE,,1,49.99,49.99,0.00,49.99

10191456,70687269,2/16/2017 7:19:41 PM,Completed,Leland,Smith,,31425 Via Las Rosas,,Carmel Valley,California,93924,,US,8312621069,gloriousvista@yahoo.com,79.99,16.00,63.99,6.93,12.99,83.91,veteran,,Pat and Cherly Smith,Ordered,Pat and Cheryl,Smith,,3309 Vail Avenue,,Redondo Beach,California,90278,,US,8187494716,79.99,16.00,63.99,12.99,Ground,6.93,83.91,,Ordered,BF156-11KM,OPULENT ORCHID FOR MOM,,1,79.99,79.99,16.00,63.99

10191407,70681627,2/16/2017 5:09:33 PM,Completed,JOHN,SIPAQUE,,2631 S BRIGHTON AVE 5,,LOS ANGELES,California,90018,,US,3234814617,CHAVEZVENANCIA00@GMAIL.COM,39.99,0.00,39.99,4.77,12.99,57.75,,,felicia,Ordered,FELICIA,RUIZ,,1603 STEINHART AVE,,REDONDO BEACH,California,90278,,US,3234814617,39.99,0.00,39.99,12.99,Ground,4.77,57.75,,Ordered,BF252-11KM,SWEETEST SURPRISE,,1,39.99,39.99,0.00,39.99

10191198,70656602,2/15/2017 6:46:57 PM,Completed,Oliver,Torres,,68781 jib circle,,Mecca,California,92254,,US,7608087550,ot.squared@gmail.com,49.99,0.00,49.99,5.67,12.99,68.65,,,Kelsie Henry,Ordered,Kelsie,Henry,,4863w 142nd st,,Hawthorne,California,90250,,US,7608087550,49.99,0.00,49.99,12.99,Ground,5.67,68.65,,Ordered,BF305-11KM,ELEGANCE & ROMANCE,,1,49.99,49.99,0.00,49.99

10190924,70630344,2/14/2017 10:49:40 PM,Completed,Kevin,Hernandez,,14517 larch ave,Apt #18,Lawndale,California,90260,,US,4245379219,khernandez520@icloud.com,49.99,0.00,49.99,5.67,12.99,68.65,,,Adriana De La Cruz,Ordered,Adriana,De la cruz,Rabin Cajun cafe,525 s pacific coast highway,,Redondo beach,California,90277,,US,3105407403,49.99,0.00,49.99,12.99,Ground,5.67,68.65,,Ordered,BF107-11KM,PINK DELIGHT BOUQUET,Size: Medium ,1,49.99,49.99,0.00,49.99

10190918,70629872,2/14/2017 10:35:49 PM,Completed,Jacob,Ervin,,16423 Wilton Place,,Torrance,California,90504,,US,3036682817,ervinja@gmail.com,74.98,0.00,74.98,7.92,12.99,95.89,,,Nicole DuFort,Ordered,Nicole,DuFort,,16423 Wilton Place,,Torrance,California,90504,,US,3036682817,74.98,0.00,74.98,12.99,,7.92,95.89,,Ordered,BF115-11KM,LOVELY LAVENDER BOUQUET,Size: Medium ,1,59.99,59.99,0.00,59.99
10190918,70629872,2/14/2017 10:35:49 PM,Completed,Jacob,Ervin,,16423 Wilton Place,,Torrance,California,90504,,US,3036682817,ervinja@gmail.com,74.98,0.00,74.98,7.92,12.99,95.89,,,Nicole DuFort,Ordered,Nicole,DuFort,,16423 Wilton Place,,Torrance,California,90504,,US,3036682817,74.98,0.00,74.98,12.99,,7.92,95.89,,Ordered,ADD-CHOC-M,ASSORTED CHOCOLATES,Size: Medium ,1,14.99,14.99,0.00,14.99

10190895,70627940,2/14/2017 9:45:55 PM,Completed,Hirohisa,Onumata,,2700 Woodland Park Drive,APT. 820,Houston,Texas,77082,,US,6462564297,honumata@hotmail.com,79.99,0.00,79.99,0.00,12.99,92.98,,,Chicako Ota,Ordered,Chikako,Ota,,2505 Grand Ave.,,Redondo Beach,Texas,90278,,US,6462564297,79.99,0.00,79.99,12.99,Ground,0.00,92.98,,Ordered,1120RD,1-800-FLOWERS® 1 DOZEN ROSES RED ROSE ELEGANCE™ PREMIUM,,1,79.99,79.99,0.00,79.99

10190893,70627941,2/14/2017 9:41:58 PM,Completed,Michael,Haddad,,17227 Quesan Pl,,Encino,California,91316,,US,8186340485,mhaddad9@gmail.com,79.99,0.00,79.99,8.37,12.99,101.35,,,Michelle Wellnitz,Ordered,Michelle,Wellnitz,,646 1st St.,,Hermosa Beach,California,90254,,US,8186340485,79.99,0.00,79.99,12.99,Ground,8.37,101.35,,Ordered,1120RD,1-800-FLOWERS® 1 DOZEN ROSES RED ROSE ELEGANCE™ PREMIUM,,1,79.99,79.99,0.00,79.99

10190850,70625758,2/14/2017 8:52:12 PM,Completed,Eric,Ryan,,530 South Francisca,,Redondo Beach,California,90277,,US,3106506192,eryan8085@gmail.com,49.99,0.00,49.99,5.67,12.99,68.65,,,Jackie,Ordered,Jackie,Grennan,,530 South Francisca,,Redondo Beach,California,90277,,US,3106506192,49.99,0.00,49.99,12.99,Ground,5.67,68.65,,Ordered,BF243-11KM,ROSY REFLECTION,,1,49.99,49.99,0.00,49.99

10190791,70625525,2/14/2017 8:48:15 PM,Completed,Tommy,Salisbury,,2016 Vanderbilt Lane Unit#7,,Redondo Beach,California,90278,,US,4243681190,tsalisbury@digitaldolphinsupplies.com,109.97,0.00,109.97,11.07,12.99,134.03,,,Myself,Ordered,Tommy,Salisbury,,2016 Vanderbilt Lane Unit#7,,Redondo Beach,California,90278,,US,4243681190,109.97,0.00,109.97,12.99,,11.07,134.03,,Ordered,BF117-11KL,BLOOMS A BEAUTY,,1,89.99,89.99,0.00,89.99
10190791,70625525,2/14/2017 8:48:15 PM,Completed,Tommy,Salisbury,,2016 Vanderbilt Lane Unit#7,,Redondo Beach,California,90278,,US,4243681190,tsalisbury@digitaldolphinsupplies.com,109.97,0.00,109.97,11.07,12.99,134.03,,,Myself,Ordered,Tommy,Salisbury,,2016 Vanderbilt Lane Unit#7,,Redondo Beach,California,90278,,US,4243681190,109.97,0.00,109.97,12.99,,11.07,134.03,,Ordered,ADD-CHOC-S,ASSORTED CHOCOLATES,Size: Small ,1,9.99,9.99,0.00,9.99
10190791,70625525,2/14/2017 8:48:15 PM,Completed,Tommy,Salisbury,,2016 Vanderbilt Lane Unit#7,,Redondo Beach,California,90278,,US,4243681190,tsalisbury@digitaldolphinsupplies.com,109.97,0.00,109.97,11.07,12.99,134.03,,,Myself,Ordered,Tommy,Salisbury,,2016 Vanderbilt Lane Unit#7,,Redondo Beach,California,90278,,US,4243681190,109.97,0.00,109.97,12.99,,11.07,134.03,,Ordered,ADD-PLUSH-S,ASSORTED PLUSH,Size: Small ,1,9.99,9.99,0.00,9.99

10190792,70624149,2/14/2017 8:16:18 PM,Completed,Scott,Koprivetz,,2474 S. Centinela Ave,Unit 6,Los Angeles,California,90064,,US,7143433036,skoprivetz@ymail.com,49.99,0.00,49.99,5.67,12.99,68.65,,,Cassandra Clark,Ordered,Cassandra,Clark,Pancreatic Cancer Action Network,1500 Rosecrans Ave,#200,", Manhattan Beach",California,90266,,US,7609170448,49.99,0.00,49.99,12.99,Ground,5.67,68.65,,Ordered,BF104-11KS,MY ROSY VALENTINE,Size: Small ,1,49.99,49.99,0.00,49.99

10190755,70623001,2/14/2017 7:52:49 PM,Completed,ANTHONY,WINSTEAD,,14575 WILLOW LEAF RD,,MORENO VALLEY,California,92555,,US,5628053228,ANTHONYWINSTEAD@GMAIL.COM,89.98,0.00,89.98,9.27,12.99,112.24,,,Devra Winstead,Ordered,DEVRA,WINSTEAD,AEROSPACE FEDERAL CREDIT UNION,2310 E. EL SEGUNDO BLVD.,,EL SEGUNDO,California,90245,,US,3103365061,89.98,0.00,89.98,12.99,,9.27,112.24,,Ordered,BF305-11KM,ELEGANCE & ROMANCE,,1,49.99,49.99,0.00,49.99
10190755,70623001,2/14/2017 7:52:49 PM,Completed,ANTHONY,WINSTEAD,,14575 WILLOW LEAF RD,,MORENO VALLEY,California,92555,,US,5628053228,ANTHONYWINSTEAD@GMAIL.COM,89.98,0.00,89.98,9.27,12.99,112.24,,,Devra Winstead,Ordered,DEVRA,WINSTEAD,AEROSPACE FEDERAL CREDIT UNION,2310 E. EL SEGUNDO BLVD.,,EL SEGUNDO,California,90245,,US,3103365061,89.98,0.00,89.98,12.99,,9.27,112.24,,Ordered,95461S,1-800-FLOWERS&REG; LOVE PUPPY JUMBO MYLAR BUNDLE,Size: Small ,1,39.99,39.99,0.00,39.99

10190730,70622264,2/14/2017 7:39:39 PM,Completed,Herbert,Mejia,Master Tech Auto Repair,18411 Hawthorne Blvd SUITE #C,,TORRANCE,California,90504,,US,3105697020,mastertechtoyo@gmail.com,79.98,0.00,79.98,8.37,12.99,101.34,,,STACEY MCENTIRE,Ordered,Stacey,Mc entire,Breathe Clear Institute for Allergy & Sinus Relief,20911 Earl Street  Suite #470,,Torrance,California,90503,,US,7149151322,79.98,0.00,79.98,12.99,,8.37,101.34,,Ordered,105225XL,1-800-FLOWERS&REG; A TOAST TO LOVE™,Size: Extra Large ,1,69.99,69.99,0.00,69.99
10190730,70622264,2/14/2017 7:39:39 PM,Completed,Herbert,Mejia,Master Tech Auto Repair,18411 Hawthorne Blvd SUITE #C,,TORRANCE,California,90504,,US,3105697020,mastertechtoyo@gmail.com,79.98,0.00,79.98,8.37,12.99,101.34,,,STACEY MCENTIRE,Ordered,Stacey,Mc entire,Breathe Clear Institute for Allergy & Sinus Relief,20911 Earl Street  Suite #470,,Torrance,California,90503,,US,7149151322,79.98,0.00,79.98,12.99,,8.37,101.34,,Ordered,ADD-CHOC-S,ASSORTED CHOCOLATES,Size: Small ,1,9.99,9.99,0.00,9.99

10190721,70622036,2/14/2017 7:35:37 PM,Completed,Teresa,Hohl,,70 Washington St #10k,,Brooklyn,New York,11201,,US,7183443601,teresahohl@gmail.com,74.98,0.00,74.98,7.92,12.99,95.89,,,Christine Alshin,Ordered,Christine,Alshin,,1204 Monterey Blvd,,hermosa beach,California,90254,,US,6464316609,74.98,0.00,74.98,12.99,,7.92,95.89,,Ordered,BF502-11KS,RADIANT RED ROMANCE BOUQUET,Size: Small ,1,59.99,59.99,0.00,59.99
10190721,70622036,2/14/2017 7:35:37 PM,Completed,Teresa,Hohl,,70 Washington St #10k,,Brooklyn,New York,11201,,US,7183443601,teresahohl@gmail.com,74.98,0.00,74.98,7.92,12.99,95.89,,,Christine Alshin,Ordered,Christine,Alshin,,1204 Monterey Blvd,,hermosa beach,California,90254,,US,6464316609,74.98,0.00,74.98,12.99,,7.92,95.89,,Ordered,ADD-CHOC-M,ASSORTED CHOCOLATES,Size: Medium ,1,14.99,14.99,0.00,14.99

10190648,70620510,2/14/2017 7:05:08 PM,Completed,Jacob,Loera,,407 Pearl St,,Redondo Beach,California,90277,,US,9092157443,Loera_jacob@yahoo.com,100.97,0.00,100.97,10.26,12.99,124.22,,,Jordan Wible,Ordered,Jordan,Wible,,2109 Voorhees ave unit C,,Redondo Beach,California,90278,,US,9092157443,100.97,0.00,100.97,12.99,,10.26,124.22,,Ordered,ILYMYL,I LOVE YOU MYLAR BALLOON,,1,5.99,5.99,0.00,5.99
10190648,70620510,2/14/2017 7:05:08 PM,Completed,Jacob,Loera,,407 Pearl St,,Redondo Beach,California,90277,,US,9092157443,Loera_jacob@yahoo.com,100.97,0.00,100.97,10.26,12.99,124.22,,,Jordan Wible,Ordered,Jordan,Wible,,2109 Voorhees ave unit C,,Redondo Beach,California,90278,,US,9092157443,100.97,0.00,100.97,12.99,,10.26,124.22,,Ordered,BF302-11KL,FOREVER YOURS,Size: Large ,1,64.99,64.99,0.00,64.99
10190648,70620510,2/14/2017 7:05:08 PM,Completed,Jacob,Loera,,407 Pearl St,,Redondo Beach,California,90277,,US,9092157443,Loera_jacob@yahoo.com,100.97,0.00,100.97,10.26,12.99,124.22,,,Jordan Wible,Ordered,Jordan,Wible,,2109 Voorhees ave unit C,,Redondo Beach,California,90278,,US,9092157443,100.97,0.00,100.97,12.99,,10.26,124.22,,Ordered,ADD-PLUSH-L,ASSORTED PLUSH,Size: Large ,1,29.99,29.99,0.00,29.99

10190635,70620185,2/14/2017 6:58:57 PM,Completed,RAY,GOMEZ,,3337 W. 175 ST,,TORRANCE,California,90504,,US,3104804642,RAYGO158@HOTMAIL.COM,109.99,0.00,109.99,11.07,12.99,134.05,,,PATTY,Ordered,PATTY,CONTRERAS,NEXT LEVEL,15730 S. FIGUEROA ST,,GARDENA,California,90249,,US,3104131258,109.99,0.00,109.99,12.99,Ground,11.07,134.05,,Ordered,148358L,1-800-FLOWERS® RADIANT ROMANCE IN CLEAR VASE,Size: Large ,1,109.99,109.99,0.00,109.99

10190555,70618325,2/14/2017 6:26:45 PM,Cancelled,Milad,Parmanesh,Verizon,276 stream wood,,Irvine,California,92620,,US,3106482828,mparmanesh@gmail.com,0.00,0.00,0.00,0.00,0.00,0.00,,,Navika,Cancelled,Princess,Navika,Beryl school,"920 Beryl St,",4th grad teacher,Redonda beach,California,90277,,US,3106482828,0.00,0.00,0.00,0.00,,0.00,0.00,,Cancelled,1121RD,1-800-FLOWERS® 18 STEM RED ROSE ELEGANCE™ PREMIUM LONG STEM,,1,114.99,114.99,0.00,114.99
10190555,70618325,2/14/2017 6:26:45 PM,Cancelled,Milad,Parmanesh,Verizon,276 stream wood,,Irvine,California,92620,,US,3106482828,mparmanesh@gmail.com,0.00,0.00,0.00,0.00,0.00,0.00,,,Navika,Cancelled,Princess,Navika,Beryl school,"920 Beryl St,",4th grad teacher,Redonda beach,California,90277,,US,3106482828,0.00,0.00,0.00,0.00,,0.00,0.00,,Cancelled,ADD-CHOC-M,ASSORTED CHOCOLATES,Size: Medium ,1,14.99,14.99,0.00,14.99

10190553,70617990,2/14/2017 6:25:55 PM,Completed,Payam,Ansari,,101 Via Los Altos,,Redondo Beach,California,90277,,US,3107011118,payam.ansari@aol.com,79.99,0.00,79.99,7.20,0.00,87.19,,,Myself,Ordered,Payam,Ansari,,101 Via Los Altos,,Redondo Beach,California,90277,,US,3107011118,79.99,0.00,79.99,0.00,,7.20,87.19,,Ordered,148582,1-800-FLOWERS® FOREVER YOURS ROSE MEDLEY BY REAL SIMPLE,,1,79.99,79.99,0.00,79.99

10190509,70617390,2/14/2017 6:13:28 PM,Completed,Carol,Dutcher,,1746 5th Street,,Manhattan Beach,California,90266,,US,3103764404,gldutcher1@gmail.com,49.99,0.00,49.99,5.67,12.99,68.65,,,Carol Dutcher,Ordered,Carol,Dutcher,,1746 5th Street,,Manhattan Beach,California,90266,,US,3103764404,49.99,0.00,49.99,12.99,Ground,5.67,68.65,,Ordered,BF305-11KM,ELEGANCE & ROMANCE,,1,49.99,49.99,0.00,49.99

10190483,70616864,2/14/2017 6:05:01 PM,Completed,Sabra,Ruel,,1214 Monterey Blvd,,Hermosa Beach,California,90254,,US,2136639815,sabra.ruel@gmail.com,89.99,0.00,89.99,9.27,12.99,112.25,,,Marti Ruel,Ordered,Marti,Ruel,,1214 Monterey Blvd,,Hermosa Beach,California,90254,,US,2136639815,89.99,0.00,89.99,12.99,Ground,9.27,112.25,,Ordered,BF117-11KL,BLOOMS A BEAUTY,,1,89.99,89.99,0.00,89.99

10190365,70613992,2/14/2017 5:23:48 PM,Completed,gerardo,castellanos,,2519 england st,,huntington beach,California,92648,,US,7142061977,gcast5150@gmail.com,79.99,0.00,79.99,8.37,12.99,101.35,,,vanessa turnage,Ordered,vanessa,turnage,riviera luthern hall school,330 palos verde blvd,,redondo beach,California,90277,,US,3103755528,79.99,0.00,79.99,12.99,Ground,8.37,101.35,,Ordered,BF110-11KM,ELEGANT ROSE WISHES,,1,79.99,79.99,0.00,79.99

10190180,70610333,2/14/2017 4:41:01 PM,Completed,Hernan,Papagno,,2102 Robinson St,Unit 1,Redondo beach,California,90278,,US,6502455254,Hernan_papagno@cathaypacific.com,79.99,0.00,79.99,8.37,12.99,101.35,,,Yabne Papagno,Ordered,Hernan,Papagno,,2102 Robinson St,Unit 1,Redondo beach,California,90278,,US,6502455254,79.99,0.00,79.99,12.99,Ground,8.37,101.35,,Ordered,BF114-11KL,ELEGANCE BOUQUET,Size: Large ,1,79.99,79.99,0.00,79.99

10190123,70608904,2/14/2017 4:27:06 PM,Completed,Marvin J,Scott,,19940 Linda Dr.,,Torrance,California,90503,,US,3105425272,marvinjscott@yahoo.com,99.97,0.00,99.97,10.17,12.99,123.13,,,Sofia & Izabella,Ordered,Sofia,Ramirez,,2702 Ruhland Av.,Apt. D,Redondo Bch,California,90278,,US,3105425272,99.97,0.00,99.97,12.99,,10.17,123.13,,Ordered,ADD-CHOC-S,ASSORTED CHOCOLATES,Size: Small ,1,9.99,9.99,0.00,9.99
10190123,70608904,2/14/2017 4:27:06 PM,Completed,Marvin J,Scott,,19940 Linda Dr.,,Torrance,California,90503,,US,3105425272,marvinjscott@yahoo.com,99.97,0.00,99.97,10.17,12.99,123.13,,,Sofia & Izabella,Ordered,Sofia,Ramirez,,2702 Ruhland Av.,Apt. D,Redondo Bch,California,90278,,US,3105425272,99.97,0.00,99.97,12.99,,10.17,123.13,,Ordered,ADD-PLUSH-S,ASSORTED PLUSH,Size: Small ,1,9.99,9.99,0.00,9.99
10190123,70608904,2/14/2017 4:27:06 PM,Completed,Marvin J,Scott,,19940 Linda Dr.,,Torrance,California,90503,,US,3105425272,marvinjscott@yahoo.com,99.97,0.00,99.97,10.17,12.99,123.13,,,Sofia & Izabella,Ordered,Sofia,Ramirez,,2702 Ruhland Av.,Apt. D,Redondo Bch,California,90278,,US,3105425272,99.97,0.00,99.97,12.99,,10.17,123.13,,Ordered,BF246-11KL,VALENTINE'S DAY BASKET,Size: Large ,1,79.99,79.99,0.00,79.99

10189934,70603790,2/14/2017 3:38:57 PM,Completed,Gerald,Ramsey,,1650 eighth Avenue,Unit 404,San Diego,California,92101,,US,619-231-8599,gerald.ramsey@sbcglobal.net,49.99,0.00,49.99,5.67,12.99,68.65,,,Alicia Ramsey,Ordered,Alicia,Ramsey,,2100 Park Place,Suite 150,El Segundo,California,90245,,US,6199712044,49.99,0.00,49.99,12.99,Ground,5.67,68.65,,Ordered,BF109-11KM,BASKET OF LOVE,,1,49.99,49.99,0.00,49.99

10189886,70602732,2/14/2017 3:28:54 PM,Completed,Isaac,Hernandez,,655 2nd Street Apt C,,Hermosa Beach,California,90254,,US,2532286033,isaakhernandez@hotmail.com,159.99,0.00,159.99,15.57,12.99,188.55,,,Yara,Ordered,Yara,Rocha,,4332 Manhattan Beach Blvd,,Lawndale,California,90260,,US,3102615956,159.99,0.00,159.99,12.99,Ground,15.57,188.55,,Ordered,BF233-11KM,2 DOZEN ROSES - RED,,1,159.99,159.99,0.00,159.99

10189804,70601089,2/14/2017 3:12:55 PM,Completed,Matthew,Bahr,,PO Box 7131,,Marietta,Georgia,30065,,US,4047257199,Usmcjarhead81@gmail.com,94.98,0.00,94.98,8.55,0.00,103.53,,,Jagoda Wierzbicka,Ordered,Jagoda,Wierzbicka,,2704 Curtis Avenue,Unit 1,Redondo Beach,California,90278,,US,7472382516,94.98,0.00,94.98,0.00,Ground,8.55,103.53,,Ordered,BF110-11KM,ELEGANT ROSE WISHES,,1,79.99,79.99,0.00,79.99
10189804,70601089,2/14/2017 3:12:55 PM,Completed,Matthew,Bahr,,PO Box 7131,,Marietta,Georgia,30065,,US,4047257199,Usmcjarhead81@gmail.com,94.98,0.00,94.98,8.55,0.00,103.53,,,Jagoda Wierzbicka,Ordered,Jagoda,Wierzbicka,,2704 Curtis Avenue,Unit 1,Redondo Beach,California,90278,,US,7472382516,94.98,0.00,94.98,0.00,Ground,8.55,103.53,,Ordered,ADD-CHOC-M,ASSORTED CHOCOLATES,Size: Medium ,1,14.99,14.99,0.00,14.99

10189759,70599815,2/14/2017 3:02:35 PM,Completed,emmanuel,milesi,,4055 Tujunga ave,200,studio city,California,91604,,US,3104672369,peloninla@gmail.com,49.99,0.00,49.99,5.67,12.99,68.65,,,vanessa sidney,Ordered,vanessa,sidney,,1930 manhattan beach blvd #220,,redondo beach,California,90278,,US,3109558702,49.99,0.00,49.99,12.99,Ground,5.67,68.65,,Ordered,BF107-11KS,PINK DELIGHT BOUQUET,Size: Small ,1,49.99,49.99,0.00,49.99

10189210,70581866,2/14/2017 11:51:45 AM,Completed,Danny,Quiroz,,11936 s gale Ave,,Hawthorne,California,90250,,US,4242976741,Quiroz.danny7168@outlook.com,159.99,0.00,159.99,15.57,12.99,188.55,,,Jackie alvarez,Ordered,Jackie,Alvarez,,417 25th St,,Hermosa Beach,California,90254,,US,4242976741,159.99,0.00,159.99,12.99,Ground,15.57,188.55,,Ordered,1122RD,1-800-FLOWERS® 2 DOZEN RED ROSE ELEGANCE™ PREMIUM DOZEN ROSES,,1,159.99,159.99,0.00,159.99

10188771,70564606,2/14/2017 3:47:32 AM,Completed,Carl,Jones,,2530 Ardmore Ave,,Redondo Beach,California,90278,,US,3104657436,leeboytrue@aol.com,49.99,0.00,49.99,5.67,12.99,68.65,,,Kristin Jones,Ordered,Kristin,Jones,,2218 Dufour Ave,,Redondo Beach,California,90278,,US,3107966787,49.99,0.00,49.99,12.99,Ground,5.67,68.65,,Ordered,BF264-11KS,RUBY ROMANCE,Size: Small ,1,49.99,49.99,0.00,49.99

10188722,70561722,2/14/2017 3:20:54 AM,Completed,Isaiah,Kitchen,,P.O. box 232,,Aguanga,California,92536,,US,9519729600,isaiahkitchen.24@gmail.com,74.99,0.00,74.99,7.92,12.99,95.90,,,Emma Rubio,Ordered,Isaiah,Kitchen,,3720 Emerald Street Z2,,Torrance,California,90503,,US,9519729600,74.99,0.00,74.99,12.99,Ground,7.92,95.90,,Ordered,BF232-11KM,1 1/2 DOZEN ROSES - RED,,1,74.99,74.99,0.00,74.99

10188677,70560138,2/14/2017 3:01:57 AM,Completed,Brett,Bunney,,"330 the village, #108",,Redondo Beach,California,90277,,US,3103794272,Brettbunney@yahoo.com,119.99,0.00,119.99,11.97,12.99,144.95,,,Gina Giacinto,Ordered,Gina,Giacinto,Fastsigns,18545 Hawthorne Blvd.,,Torrance,California,90504,,US,3108646619,119.99,0.00,119.99,12.99,Ground,11.97,144.95,,Ordered,95285L,1-800-FLOWERS® BLOOMING LOVE™ PREMIUM RED ROSE IN RED VASE,Size: Large ,1,119.99,119.99,0.00,119.99

10188671,70559633,2/14/2017 3:00:16 AM,Completed,Coby,Karl,,701 S Owyhee St,,Boise,Idaho,83705,,US,3109458456,thequon21@yahoo.com,134.98,0.00,134.98,14.49,25.98,175.45,,,Kristen Karl,Ordered,Kristen,Karl,,2224 Ruhland Ave,Unit A,Rendondo Beach,California,90278,,US,3109458456,74.99,0.00,74.99,12.99,Ground,7.92,95.90,,Ordered,BF232-11KM,1 1/2 DOZEN ROSES - RED,,1,74.99,74.99,0.00,74.99
10188671,70559633,2/14/2017 3:00:16 AM,Completed,Coby,Karl,,701 S Owyhee St,,Boise,Idaho,83705,,US,3109458456,thequon21@yahoo.com,134.98,0.00,134.98,14.49,25.98,175.45,,,Cathy Karl,Ordered,Cathy,Karl,,2224 Ruhland Ave,Unit A,Rendondo Beach,California,90278,,US,3109458456,59.99,0.00,59.99,12.99,Ground,6.57,79.55,,Ordered,BF247-11KM,VALENTINE'S DAY SURPRISE,,1,59.99,59.99,0.00,59.99

10188431,70546908,2/14/2017 1:20:11 AM,Completed,columba,hurtado,,13415 cordary ave,,hawthorne,California,90250,,US,3105957728,columbahurtado445@gmail.com,269.98,0.00,269.98,25.47,12.99,308.44,,,columba hurtado,Ordered,columba,hurtado,,13415 cordary ave,,hawthorne,California,90250,,US,3105957728,269.98,0.00,269.98,12.99,,25.47,308.44,,Ordered,1133RD,1-800-FLOWERS® 3 DOZEN RED ROSES ULTIMATE ELEGANCE™ PREMIUM LONG STEM,,1,239.99,239.99,0.00,239.99
10188431,70546908,2/14/2017 1:20:11 AM,Completed,columba,hurtado,,13415 cordary ave,,hawthorne,California,90250,,US,3105957728,columbahurtado445@gmail.com,269.98,0.00,269.98,25.47,12.99,308.44,,,columba hurtado,Ordered,columba,hurtado,,13415 cordary ave,,hawthorne,California,90250,,US,3105957728,269.98,0.00,269.98,12.99,,25.47,308.44,,Ordered,ADD-PLUSH-L,ASSORTED PLUSH,Size: Large ,1,29.99,29.99,0.00,29.99

10188354,70542547,2/14/2017 12:50:53 AM,Completed,Derek,DeMar,,5207 Clearsite Street,,Torance,California,90505,,US,3105026171,derek2906@aol.com,59.98,0.00,59.98,5.40,0.00,65.38,,,Myself,Ordered,Derek,DeMar,,5207 Clearsite Street,,Torrance,California,90505,,US,3105026171,59.98,0.00,59.98,0.00,Ground,5.40,65.38,,Ordered,BF104-11KS,MY ROSY VALENTINE,Size: Small ,1,49.99,49.99,0.00,49.99
10188354,70542547,2/14/2017 12:50:53 AM,Completed,Derek,DeMar,,5207 Clearsite Street,,Torance,California,90505,,US,3105026171,derek2906@aol.com,59.98,0.00,59.98,5.40,0.00,65.38,,,Myself,Ordered,Derek,DeMar,,5207 Clearsite Street,,Torrance,California,90505,,US,3105026171,59.98,0.00,59.98,0.00,Ground,5.40,65.38,,Ordered,ADD-PLUSH-S,ASSORTED PLUSH,Size: Small ,1,9.99,9.99,0.00,9.99

10188266,70537981,2/14/2017 12:19:01 AM,Completed,Brian,Toal,,22307 Kent Ave #1,,Torrance,California,90505,,US,4242374400,briantoal@mac.com,159.99,0.00,159.99,15.57,12.99,188.55,,,Brianna von Muegge,Ordered,Brianna,von Muegge,Northrop Grumman,1 Space Park Drive,Bldg O1,Redondo Beach,California,90278,,US,3108123755,159.99,0.00,159.99,12.99,Ground,15.57,188.55,,Ordered,BF233-11KM,2 DOZEN ROSES - RED,,1,159.99,159.99,0.00,159.99

10188138,70532022,2/13/2017 11:41:36 PM,Completed,Rogelio,Baltazar,,731 w palmer st,,Compton,California,90220,,US,3102927424,rogelior62@yahoo.com,59.99,0.00,59.99,6.57,12.99,79.55,,,Licie Montesdeoca,Ordered,Rogelio,Baltazar,Artist guild of America,13225 s western ave,,Gardena,California,90249,,US,3102927424,59.99,0.00,59.99,12.99,Ground,6.57,79.55,,Ordered,BF247-11KM,VALENTINE'S DAY SURPRISE,,1,59.99,59.99,0.00,59.99

10188116,70529651,2/13/2017 11:34:14 PM,Completed,Tony,Hedrick,,3305 McBain Ave.,,Redondo beach,California,90278,,US,3105673255,thedrick24@yahoo.com,79.99,0.00,79.99,8.37,12.99,101.35,,,Beth,Ordered,Beth,DeZinna,Stephen C Dinsmore Inc.,19000 Hawthorne Blvd.,#110,Torrance,California,90503,,US,3109445416,79.99,0.00,79.99,12.99,Ground,8.37,101.35,,Ordered,BF110-11KM,ELEGANT ROSE WISHES,,1,79.99,79.99,0.00,79.99

10187934,70519557,2/13/2017 10:38:35 PM,Completed,Mark,Endacott,,1624 Carlson Lane,,Redondo Beach,California,90278,,US,3105037538,mendacott@aol.com,69.99,0.00,69.99,7.47,12.99,90.45,,,Jennifer Sizemore,Ordered,Jennifer,Sizemore,,1735 Spreckels Lane,,Redondo Beach,California,90278,,US,3104064515,69.99,0.00,69.99,12.99,Ground,7.47,90.45,,Ordered,BF116-11KS,YOU'RE FOREVER IN MY HEART,Size: Small ,1,69.99,69.99,0.00,69.99

10187930,70519569,2/13/2017 10:37:06 PM,Completed,Shaz,Smith,,222 South Irena Ave,Appartment A,Redondo Beach,California,90277,,US,3103747027,abellelectrical@optusnet.com.au,89.98,0.00,89.98,9.27,12.99,112.24,,,Sharon Smith,Ordered,Shaz,Smith,,222 South Irena Ave,Appartment A,Redondo Beach,California,90277,,US,3103747027,89.98,0.00,89.98,12.99,,9.27,112.24,,Ordered,BF110-11KM,ELEGANT ROSE WISHES,,1,79.99,79.99,0.00,79.99
10187930,70519569,2/13/2017 10:37:06 PM,Completed,Shaz,Smith,,222 South Irena Ave,Appartment A,Redondo Beach,California,90277,,US,3103747027,abellelectrical@optusnet.com.au,89.98,0.00,89.98,9.27,12.99,112.24,,,Sharon Smith,Ordered,Shaz,Smith,,222 South Irena Ave,Appartment A,Redondo Beach,California,90277,,US,3103747027,89.98,0.00,89.98,12.99,,9.27,112.24,,Ordered,ADD-CHOC-S,ASSORTED CHOCOLATES,Size: Small ,1,9.99,9.99,0.00,9.99

10187600,70499414,2/13/2017 9:05:25 PM,Completed,Terry,Wolcott,,502 Mindenvale Court,,Simi Valley,California,93065,,US,8052365483,terrywolcott@aol.com,159.98,0.00,159.98,15.57,12.99,188.54,,,Ivette,Ordered,Ivette,Babe,,313 Calle Miramar #3,,Redondo Beach,California,90277,,US,3105670243,159.98,0.00,159.98,12.99,,15.57,188.54,,Ordered,148018L,1-800-FLOWERS® VICTORIAN ROMANCE,Size: Large ,1,129.99,129.99,0.00,129.99
10187600,70499414,2/13/2017 9:05:25 PM,Completed,Terry,Wolcott,,502 Mindenvale Court,,Simi Valley,California,93065,,US,8052365483,terrywolcott@aol.com,159.98,0.00,159.98,15.57,12.99,188.54,,,Ivette,Ordered,Ivette,Babe,,313 Calle Miramar #3,,Redondo Beach,California,90277,,US,3105670243,159.98,0.00,159.98,12.99,,15.57,188.54,,Ordered,ADD-PLUSH-L,ASSORTED PLUSH,Size: Large ,1,29.99,29.99,0.00,29.99

10187572,70498263,2/13/2017 8:57:53 PM,Completed,Willie,Staten,,13111 s San Pedro st #54,,Los Angeles,California,90061,,US,3107228050,bigwill132@gmail.com,54.99,0.00,54.99,6.12,12.99,74.10,,,Catrice Bryant,Ordered,Catrice,Bryant,WE Oneil,909 N Sepulveda Blvd #400,,El segundo,California,90245,,US,4244568437,54.99,0.00,54.99,12.99,Ground,6.12,74.10,,Ordered,BF84-11KL,PINK PETALS BOUQUET,Size: Large ,1,54.99,54.99,0.00,54.99

10185769,70373722,2/13/2017 8:08:26 AM,Completed,Sean,Knight,,4230 S Centinela Ave,,Apt 204,California,90066,,US,3105695572,flowers@ntur.net,89.99,0.00,89.99,9.27,12.99,112.25,,,Brittany Costa,Ordered,Brittany,Costa,Ten Thousand Villages,1907 S Catalina Ave,,Redondo Beach,California,90277,,US,3019045701,89.99,0.00,89.99,12.99,Ground,9.27,112.25,,Ordered,BF116-11KL,YOU'RE FOREVER IN MY HEART,Size: Large ,1,89.99,89.99,0.00,89.99

10185742,70370726,2/13/2017 6:38:08 AM,Completed,Michael,Sakoda,,2039 Artesia Blvd,,Torrance,California,90504,,US,3102838572,mksakoda1@yahoo.com,99.99,0.00,99.99,9.00,0.00,108.99,,,Myself,Ordered,Michael,Sakoda,,2039 Artesia Blvd,,Torrance,California,90504,,US,3102838572,99.99,0.00,99.99,0.00,Ground,9.00,108.99,,Ordered,148018S,1-800-FLOWERS® VICTORIAN ROMANCE,Size: Small ,1,99.99,99.99,0.00,99.99

10185445,70343624,2/13/2017 12:09:54 AM,Completed,Ashwani K,Thapar,,1384 Prada Court,,Milpitas,California,95035,,US,4084580456,email.me@thapars.me,59.99,0.00,59.99,6.57,12.99,79.55,,,Priya & Akshay Thapar,Ordered,Akshay,Thapar,,211 Yatch Club Way #301,,Redondo Beach,California,90277,,US,8583616555,59.99,0.00,59.99,12.99,Ground,6.57,79.55,,Ordered,91096L,1-800-FLOWERS&REG; GARDEN INSPIRATION™,Size: Large ,1,59.99,59.99,0.00,59.99

10185184,70315790,2/12/2017 6:31:48 PM,Completed,Robert,Charles,,5533 S Holt Ave,,Los Angeles,California,90056,,US,3104674456,robertantoinecharles@gmail.com,79.99,0.00,79.99,8.37,12.99,101.35,,,Blayne Northington,Ordered,Blayne,Northington,,1815 Hawthorne Blvd,"Aldo shoes, suite 136, South Bay Galleria",Redondo Beach,California,90278,,US,4242556603,79.99,0.00,79.99,12.99,Ground,8.37,101.35,,Ordered,1120RD,1-800-FLOWERS® 1 DOZEN ROSES RED ROSE ELEGANCE™ PREMIUM,,1,79.99,79.99,0.00,79.99

10184845,70277501,2/12/2017 12:23:34 AM,Completed,Tyler,Ross,,4782 Ceylon Street,,Denver,Colorado,80249,,US,7347173038,tross8713@gmail.com,39.99,0.00,39.99,0.00,12.99,52.98,,,Dana Madsen,Ordered,Dana,Madsen,,2110 Harriman Lane Unit B,,Redondo Beach,Colorado,90278,,US,2626642067,39.99,0.00,39.99,12.99,Ground,0.00,52.98,,Ordered,BF68-11KM,HOLIDAY HAPPINESS,,1,39.99,39.99,0.00,39.99

10184114,70164225,2/10/2017 8:20:00 PM,Completed,Adam,Encinas,,105 w Lincoln ave,,Montebello,California,90640,,US,3235163985,adam.encinas@yahoo.com,179.99,36.00,143.99,14.13,12.99,171.11,HEART17,,Amy Stevens,Ordered,Amy,Stevens,Wedgewood,2015 Manhattan Beach blvd,,Redondo beach,California,90278,,US,9092610760,179.99,36.00,143.99,12.99,Ground,14.13,171.11,,Ordered,107598L,1-800-FLOWERS® MARQUIS BY WATERFORD® WITH RED ROSE AND LILY BOUQUET,Size: Large ,1,179.99,179.99,36.00,143.99

10183585,70105582,2/10/2017 5:32:37 AM,Completed,Laura,Ceuterick,,23135 Madison St #212,,Torrance,California,90505,,US,4242170811,anthonyratazzi@hotmail.com,49.99,0.00,49.99,5.67,12.99,68.65,,,Recipient,Ordered,Laura,Ceuterick,,23135 Madison St #212,,Torrance,California,90505,,US,4242170811,49.99,0.00,49.99,12.99,Ground,5.67,68.65,,Ordered,BF380-11KMBB,YOU LIFT MY HEART BOUQUET,Size: Large ,1,49.99,49.99,0.00,49.99

10183471,70089604,2/10/2017 12:07:05 AM,Completed,Sheri,Leming,Faith Christian Assembly,13820 Seal Beach Blvd.,,Seal Beach,California,90740,,US,5625989010,sheri.leming@gmail.com,59.99,0.00,59.99,6.57,12.99,79.55,,,Tom Adams,Ordered,Tom,Adams,Living Waters Lighhouse,500 Agate Street,,Redondo Beach,California,90277,,US,3103723525,59.99,0.00,59.99,12.99,Ground,6.57,79.55,,Ordered,BF211-11KM,PEACEFUL WISHES BASKET,,1,59.99,59.99,0.00,59.99

10182896,70019592,2/9/2017 4:31:28 AM,Completed,Keri,Vincent,,1214 Agate Street #C,,Redondo Beach,California,90277,,US,310-406-5603,keriandnate@yahoo.com,34.99,0.00,34.99,3.15,0.00,38.14,,,Myself,Ordered,Keri,Vincent,,1214 Agate Street #C,,Redondo Beach,California,90277,,US,3104065603,34.99,0.00,34.99,0.00,,3.15,38.14,,Ordered,146536,1-800-FLOWERS® PURPLE ROSE CORSAGE,,1,34.99,34.99,0.00,34.99

10182808,70010145,2/9/2017 1:01:49 AM,Completed,Jason,Lee,,19609 Darien Pl,,Torrance,California,90503,,US,3105703657,jaylee718@hotmail.com,79.99,0.00,79.99,7.20,0.00,87.19,,,Grace Omoto-Lee,Ordered,Jason,Lee,,19609 Darien Pl,,Torrance,California,90503,,US,3105703657,79.99,0.00,79.99,0.00,Ground,7.20,87.19,,Ordered,146501CD,1-800-FLOWERS® ABUNDANT LOVE™ PREMIUM LONG STEM ROSES,Size: With Chocolate and Plush ,1,79.99,79.99,0.00,79.99

10182706,69996264,2/8/2017 9:29:42 PM,Completed,Nate'Eya,Kahsai,,10202 W. Washington Blvd. Tracy Building Suite 110,,Culver City,California,90232,,US,3102441720,nateeyakahsai@gmail.com,49.99,0.00,49.99,5.67,12.99,68.65,,,Gary Cannon,Ordered,Gary,Cannon,,800 27th St.,,Manhattan Beach,California,90266,,US,3107794046,49.99,0.00,49.99,12.99,Ground,5.67,68.65,,Ordered,BF329-11KM,TRIBUTE MIXED VASE ARRANGEMENT - ALL WHITE,Size: Medium ,1,49.99,49.99,0.00,49.99

10182675,69992421,2/8/2017 8:42:30 PM,Completed,John,Callahan,,22622 sw cochran dr,,Sherwood,Oregon,97140,,US,6193133383,jjcall235@yahoo.com,54.99,0.00,54.99,6.12,12.99,74.10,,,Cecile Callahan,Ordered,Cecile,Callahan,,709 fisk ct,,Redondo Beach,California,90278,,US,3105427408,54.99,0.00,54.99,12.99,Ground,6.12,74.10,,Ordered,BF334-11KM,GARDENS JOY BOUQUET,Size: Medium ,1,54.99,54.99,0.00,54.99

10182650,69989258,2/8/2017 8:10:45 PM,Completed,Vijay,Fadia,,"23800 Hawthorne Blvd., Suite 200",,Torrance,California,90505,,US,3107919975,vj1223@aol.com,64.99,0.00,64.99,5.85,0.00,70.84,,,Myself,Ordered,Brianda,Landeros,,"23800 Hawthorne Blvd., Suite 200",,Torrance,California,90505,,US,3107919975,64.99,0.00,64.99,0.00,Ground,5.85,70.84,,Ordered,BF214-11KM,BRIGHTEST MEMORIES,,1,64.99,64.99,0.00,64.99

10182585,69983005,2/8/2017 7:03:23 PM,Completed,WILSON,LI,,7225 SUMMER GROVE AVE,,LAS VEGAS,California,89117,,US,6462672346,liwilson1989@gmail.com,74.99,0.00,74.99,7.92,12.99,95.90,,,Lisa Fan,Ordered,Lisa,Fan,Mediavest - ATTN: Lisa Fan Suite 5100,2301 Rosecrans Ave,,El Segundo,California,90245,,US,9175355266,74.99,0.00,74.99,12.99,Ground,7.92,95.90,,Ordered,BF232-11KM,1 1/2 DOZEN ROSES - RED,,1,74.99,74.99,0.00,74.99

10182242,69939651,2/8/2017 6:24:18 AM,Completed,Jason,Antico,,746 Sierra St,,El Segundo,California,90245,,US,9045217180,jason.antico@gmail.com,59.99,12.00,47.99,4.32,0.00,52.31,val17,,Myself,Ordered,Jason,Antico,,746 Sierra St,,El Segundo,California,90245,,US,9045217180,59.99,12.00,47.99,0.00,Ground,4.32,52.31,,Ordered,BF20-11K,YOU'RE IN MY HEART,,1,59.99,59.99,12.00,47.99

10182019,69898681,2/7/2017 7:48:08 PM,Completed,Liah,Kim,,1662 Wellington rd,,Los Angeles,California,90019,,US,9493503855,liahykim@mac.com,59.99,0.00,59.99,6.57,12.99,79.55,,,Kristin and Paul,Ordered,Kristin and Paul,Davidson,,525 prospect ave,,Hermosa beach,California,90254,,US,8052766366,59.99,0.00,59.99,12.99,Ground,6.57,79.55,,Ordered,90977L,1-800-FLOWERS&REG; FIELDS OF EUROPE™,Size: Large ,1,59.99,59.99,0.00,59.99

10181636,69839223,2/6/2017 11:09:02 PM,Completed,Karen,Llamas,,2120 Vanderbilt Ln. #1,,Redondo Beach,California,90278,,US,2133642150,karenllamas@att.net,34.99,0.00,34.99,3.15,0.00,38.14,,,Recipient,Ordered,Karen,Llamas`,,2120 Vanderbilt Ln. #1,,Redondo Beach,California,90278,,US,2133642150,34.99,0.00,34.99,0.00,Ground,3.15,38.14,,Ordered,91803S,1-800-FLOWERS&REG; PINK ROSE CORSAGE,Size: Small ,1,34.99,34.99,0.00,34.99

10181277,69768430,2/5/2017 11:34:56 PM,Completed,Sandra,Riley,,17800 NE 37th Street,,Vancouver,Washington,98682,,US,3609917854,dansanriley@comcast.net,44.99,0.00,44.99,5.22,12.99,63.20,,,The Riley Family,Ordered,Josh & Bonnie,Riley,,"2311 Rockefeller Lane, Unit A",,Redondo Beach,California,90278,,US,4254996856,44.99,0.00,44.99,12.99,Ground,5.22,63.20,,Ordered,145622,1-800-FLOWERS® NEW BABY GIRL ELEPHANT BOUQUET,,1,44.99,44.99,0.00,44.99

10181030,69732517,2/4/2017 4:21:07 PM,Completed,Lucas,Bracewell,,947 W Basin Street,,San Pedro,California,90731,,US,3109565889,lucas.bracewell_22@yahoo.com,49.99,0.00,49.99,4.50,0.00,54.49,,,Myself,Ordered,Lucas,Bracewell,,947 W Basin Street,,San Pedro,California,90731,,US,3109565889,49.99,0.00,49.99,0.00,Ground,4.50,54.49,,Ordered,BF115-11KS,LOVELY LAVENDER BOUQUET,Size: Small ,1,49.99,49.99,0.00,49.99

10180807,69674246,2/3/2017 5:35:35 PM,Completed,Taylor,Williams,,92 E 8 iron Ct,,Saratoga Springs,Utah,84045,,US,2067754630,Taywil56@yahoo.com,84.99,0.00,84.99,8.82,12.99,106.80,,,Amanda Lankford,Ordered,Amanda,Lankford,,5520 W 190th St #146,,Torrance,California,90503,,US,3107296940,84.99,0.00,84.99,12.99,Ground,8.82,106.80,,Ordered,BF168-11KM,REMARKABLE ROSES GOOD WISHES,,1,84.99,84.99,0.00,84.99

10180667,69655226,2/3/2017 6:05:46 AM,Completed,Diana,Harvey,,438 28th St,,Hermosa Beach,California,90254,,US,3104043035,verjakes@verizon.net,15.00,0.00,15.00,1.35,0.00,16.35,,,Myself,Ordered,Diana,Harvey,,438 28th St,,Hermosa Beach,California,90254,,US,3104043035,15.00,0.00,15.00,0.00,Ground,1.35,16.35,,Ordered,95312,1-800-FLOWERS® BLUE BOUTONNIERE,,1,15.00,15.00,0.00,15.00

10180493,69634219,2/2/2017 6:07:49 PM,Completed,Daniela,Guzman,,12838 Foster Road,,Norwalk,California,90650,,US,5623073924,wwprincess@yahoo.com,39.99,0.00,39.99,4.77,12.99,57.75,,,Brenda Abrica,Ordered,Brenda,Abrica,Celestron Telescopes,2835 Colombia Street,,Torrance,California,90503,,US,5628816291,39.99,0.00,39.99,12.99,Ground,4.77,57.75,,Ordered,BF11-11K,PURPLE PASSION,,1,39.99,39.99,0.00,39.99

10180388,69622732,2/2/2017 3:16:28 PM,Completed,David,Prewitt,,619 N. Lucia Ave.,Apt. 1,Redondo Beach,California,90277,,US,4242474040,dhprew@yahoo.com,79.99,0.00,79.99,8.37,12.99,101.35,,,Wendy Prewitt,Ordered,Wendy,Prewitt,,619 N. Lucia Ave.,Apt. 1,Redondo Beach,California,90277,,US,4242474040,79.99,0.00,79.99,12.99,Ground,8.37,101.35,,Ordered,BF110-11KM,ELEGANT ROSE WISHES,,1,79.99,79.99,0.00,79.99

10180344,69617049,2/2/2017 1:35:28 PM,Completed,Matthew,Baht,,PO Box 7131,,Marietta,Georgia,30065,,US,4047257199,usmcjarhead81@gmail.com,79.98,0.00,79.98,8.37,12.99,101.34,,,Jagoda Wierzbicka,Ordered,Jagoda,Wierzbicka,,2704 Curtis Avenue,Unit 1,Redondo Beach,California,90278,,US,7472382516,79.98,0.00,79.98,12.99,,8.37,101.34,,Ordered,1120RD,1-800-FLOWERS® 1 DOZEN ROSES RED ROSE ELEGANCE™ PREMIUM,,1,69.99,69.99,0.00,69.99
10180344,69617049,2/2/2017 1:35:28 PM,Completed,Matthew,Baht,,PO Box 7131,,Marietta,Georgia,30065,,US,4047257199,usmcjarhead81@gmail.com,79.98,0.00,79.98,8.37,12.99,101.34,,,Jagoda Wierzbicka,Ordered,Jagoda,Wierzbicka,,2704 Curtis Avenue,Unit 1,Redondo Beach,California,90278,,US,7472382516,79.98,0.00,79.98,12.99,,8.37,101.34,,Ordered,ADD-CHOC-S,ASSORTED CHOCOLATES,Size: Small ,1,9.99,9.99,0.00,9.99

10180323,69603913,2/2/2017 6:32:51 AM,Completed,Quan,Quach,,2604 Vanderbilt Lane,Unit B,Redondo Beach,California,90278,,US,5037407887,quan.quach@gmail.com,139.99,0.00,139.99,13.77,12.99,166.75,,,Kristen Bretney,Ordered,Kristen,Bretney,,5408 w 149th Place,Unit 7,Hawthorne,California,90250,,US,5037407887,139.99,0.00,139.99,12.99,Ground,13.77,166.75,,Ordered,1122RD,1-800-FLOWERS® 2 DOZEN RED ROSE ELEGANCE™ PREMIUM DOZEN ROSES,,1,139.99,139.99,0.00,139.99

10180320,69603372,2/2/2017 5:11:11 AM,Completed,Lily,Ghodr,,P.O. Box 2995,,Palos Verdes Peninsula,California,90274,,US,3104622242,pvmommyk@verizon.net,44.99,0.00,44.99,4.05,0.00,49.04,,,Derek Chau,Ordered,Lily,Ghodr,,P.O. Box 2995,,Palos Verdes Peninsula,California,90274,,US,3104622242,44.99,0.00,44.99,0.00,Ground,4.05,49.04,,Ordered,91814S,1-800-FLOWERS&REG; WHITE ROSE CORSAGE AND BOUTONNIERE,Size: Small ,1,44.99,44.99,0.00,44.99

10180316,69602717,2/2/2017 4:12:30 AM,Completed,Mahiro,Suzuki,,27918 Ridge brook Ct.,,Rancho Palos Verdes,California,90275,,US,4243272719,smahirodesu@gmail.com,44.99,0.00,44.99,4.05,0.00,49.04,,,Derek Chau,Ordered,Derek,Chau,,6528 eddinghill Dr,,Rancho Palos Verdes,California,90275,,US,4243272719,44.99,0.00,44.99,0.00,Ground,4.05,49.04,,Ordered,91814S,1-800-FLOWERS&REG; WHITE ROSE CORSAGE AND BOUTONNIERE,Size: Small ,1,44.99,44.99,0.00,44.99

10180206,69589943,2/1/2017 8:37:59 PM,Completed,Pamela,Brosvik,,15310 25th Ave NE,,Shoreline,Washington,98155,,US,2069920632,pamthegardener@hotmail.com,39.99,0.00,39.99,4.77,12.99,57.75,,,Elizabeth Helm,Ordered,Elizabeth,Helm,,2015 Curtis Ave #A,,Redondo beach,California,90278,,US,2069920632,39.99,0.00,39.99,12.99,Ground,4.77,57.75,,Ordered,103390,1-800-FLOWERS&REG; BLOOMING LION™,,1,39.99,39.99,0.00,39.99
