Web Orders Report
Report generated on 4/17/2017

Search Criteria
Order Date From:,01/01/2017
Order Date To:,01/31/2017
Status:,-- ALL --
Customer:, 
Billing Email:,
Billing Phone:,
Recipient:, 
Recipient Phone:,
SKUL:,
Order#:,
Promotion Code:,
State:,-- Please Select --


ORDER#,BLOOMLINKORDERNO,ORDER DATE,STATUS,BILLING FIRST NAME,BILLING LAST NAME,BILLING COMPANY,BILLING ADDRESS,BILLING ADDRESS 2,BILLING CITY,BILLING STATE,BILLING ZIP,BILLING REGION,BILLING COUNTRY,BILLING PHONE,EMAIL,ORDER MERCHANDISE SUBTOTAL,ORDER DISCOUNT,ORDER SUBTOTAL,ORDER TAX,ORDER SHIPPING,ORDER TOTAL,PROMOTION CODE,,LABEL,RECIPIENT STATUS,FIRST NAME,LAST NAME,COMPANY,ADDRESS 1,ADDRESS 2,CITY,STATE,ZIP,REGION,COUNTRY,PHONE,MERCHANDISE SUBTOTAL,DISCOUNT,SUBTOTAL,SHIPPING,SHIPPING METHOD,TAX,TOTAL,,ITEM STATUS,SKU,ITEM NAME,ATTRIBUTES,QUANTITY,PRICE,ITEM SUBTOTAL,ITEM DISCOUNT,ITEM TOTAL
10179954,69557470,2/1/2017 1:20:56 AM,Completed,Jane,Huang,"Lorna Jane USA, Inc.",1674 20th Street,,Santa Monica,California,90404,,US,3108280022,delyar.riahi@lornajane.com,39.99,0.00,39.99,4.77,12.99,57.75,,,Richard Orozco,Ordered,Richard,Orozco,,2523 Voorhees Ave,Apt B,Redondo Beach,California,90278,,US,6265322332,39.99,0.00,39.99,12.99,Ground,4.77,57.75,,Ordered,91360S,1-800-FLOWERS&REG; LITTLE BOY BLUE BOUQUET™,Size: Small ,1,39.99,39.99,0.00,39.99

10179843,69545726,1/31/2017 7:25:54 PM,Completed,Chrysta,Reese,,157 S. Bedford Ave.,,Castle Rock,Colorado,80104,,US,3033963470,chrysta.r@gmail.com,39.99,0.00,39.99,4.77,12.99,57.75,,,Gina,Ordered,Gina,Cervantes,,2210 Robinson St.,,Redondo Beach,California,90278,,US,3109568268,39.99,0.00,39.99,12.99,Ground,4.77,57.75,,Ordered,BF11-11K,PURPLE PASSION,,1,39.99,39.99,0.00,39.99

10179347,69448562,1/29/2017 9:33:10 PM,Completed,danielole,swart,,2501 rockefeller lane,,redondo beach,California,90278,,US,3104333804,danielleswart@yahoo.com,44.99,0.00,44.99,4.05,0.00,49.04,,,Myself,Ordered,danielole,swart,,2501 rockefeller lane,,redondo beach,California,90278,,US,3104333804,44.99,0.00,44.99,0.00,Ground,4.05,49.04,,Ordered,91812S,1-800-FLOWERS&REG; PINK ROSE CORSAGE AND BOUTONNIERE,Size: Small ,1,44.99,44.99,0.00,44.99

10179326,69439841,1/29/2017 5:51:36 PM,Completed,Vincenzo,Dragone,,2421 w 227th st,Apt 2,Torrance,California,90501,,US,3109536046,vicenzo2072@gmail.com,39.99,0.00,39.99,3.60,0.00,43.59,,,Patricia Dragone,Ordered,Patricia,Dragone,,4014 W 177th st,,Torrance,California,90504,,US,3109536046,39.99,0.00,39.99,0.00,Ground,3.60,43.59,,Ordered,BF252-11KM,SWEETEST SURPRISE,,1,39.99,39.99,0.00,39.99

10179241,69388565,1/28/2017 5:08:59 PM,Completed,MARIA,REYES,,226 LAKEHILL DR,,WORTHINGTON,California,56187,,US,5073600522,blue_sky_04@hotmail.com,79.98,0.00,79.98,8.37,12.99,101.34,,,Luciano Martinez,Ordered,Luciano,Martinez,,4040 165th St,,Lawndale,California,90260,,US,3104080352,79.98,0.00,79.98,12.99,,8.37,101.34,,Ordered,146760,1-800-FLOWERS® ANOTHER YEAR ROVER™,,1,59.99,59.99,0.00,59.99
10179241,69388565,1/28/2017 5:08:59 PM,Completed,MARIA,REYES,,226 LAKEHILL DR,,WORTHINGTON,California,56187,,US,5073600522,blue_sky_04@hotmail.com,79.98,0.00,79.98,8.37,12.99,101.34,,,Luciano Martinez,Ordered,Luciano,Martinez,,4040 165th St,,Lawndale,California,90260,,US,3104080352,79.98,0.00,79.98,12.99,,8.37,101.34,,Ordered,ADD-CHOC-L,ASSORTED CHOCOLATES,Size: Large ,1,19.99,19.99,0.00,19.99

10178884,69310515,1/26/2017 10:09:17 PM,Completed,Andrew,Sibrie,,800 S sunset Ave apt 282,,West Covina,California,91790,,US,6265879349,Asibrie@gmail.com,59.98,0.00,59.98,6.57,12.99,79.54,,,Lilliana Jauregui,Ordered,Lilliana,Jauregui,,15319 Avis avenue,,Lawndale,California,90260,,US,3105366679,59.98,0.00,59.98,12.99,,6.57,79.54,,Ordered,BF120-11KM,ROSE GARDEN BOUQUET,Size: Medium ,1,49.99,49.99,0.00,49.99
10178884,69310515,1/26/2017 10:09:17 PM,Completed,Andrew,Sibrie,,800 S sunset Ave apt 282,,West Covina,California,91790,,US,6265879349,Asibrie@gmail.com,59.98,0.00,59.98,6.57,12.99,79.54,,,Lilliana Jauregui,Ordered,Lilliana,Jauregui,,15319 Avis avenue,,Lawndale,California,90260,,US,3105366679,59.98,0.00,59.98,12.99,,6.57,79.54,,Ordered,ADD-PLUSH-S,ASSORTED PLUSH,Size: Small ,1,9.99,9.99,0.00,9.99

10178781,69297031,1/26/2017 4:34:50 PM,Completed,Martin,Medina Jr,,1824 E. 70th St,,Los Angeles,California,90001,,US,3238688337,m_medinajr@yahoo.com,69.99,0.00,69.99,7.47,12.99,90.45,,,Elizabeth Medina,Ordered,Elizabeth,Medina,Nissin Foods,"2001 W Rosecrans Ave,",,Gardena,California,90249,,US,3238688337,69.99,0.00,69.99,12.99,Ground,7.47,90.45,,Ordered,BF116-11KL,YOU'RE FOREVER IN MY HEART,Size: Large ,1,69.99,69.99,0.00,69.99

10178721,69291323,1/26/2017 2:13:26 PM,Completed,Kacey,Morreale,,800 N Lucia ave,Unit A,Redondo beach,California,90277,,US,3105678569,rossdawginc@gmail.com,59.99,0.00,59.99,6.57,12.99,79.55,,,Kacey,Ordered,Kacey,Morreale,,800 N Lucia ave,Unit A,Redondo beach,California,90277,,US,3105678569,59.99,0.00,59.99,12.99,Ground,6.57,79.55,,Ordered,BF107-11KL,PINK DELIGHT BOUQUET,Size: Large ,1,59.99,59.99,0.00,59.99

10177365,69243724,1/24/2017 10:34:24 PM,Completed,Scott,White,,3903 207th pl se,,Bothell,Washington,98021,,US,2069098017,scoter62@frontier.com,34.99,0.00,34.99,4.32,12.99,52.30,,,Lori Peters,Ordered,Lori,Peters,,426 Palos Verdes Blvd,,Redondo Beach,California,90277,,US,7143759755,34.99,0.00,34.99,12.99,Ground,4.32,52.30,,Ordered,BF216-11KM,THE BRIGHT BLUE SKIES BOUQUET,,1,34.99,34.99,0.00,34.99

10176938,69180569,1/23/2017 1:58:53 PM,Completed,Neetu,Gillespie,,1900 Plant Ave,,Redondo Beach,California,90278,,US,3104636959,k_gillespie@icloud.com,34.99,0.00,34.99,4.32,12.99,52.30,,,Neetu Gillespie,Ordered,Neetu,Gillespie,,1900 Plant Ave,,Redondo Beach,California,90278,,US,3104636959,34.99,0.00,34.99,12.99,Ground,4.32,52.30,,Ordered,BF215-11KM,BABY GIRL BOUQUET,,1,34.99,34.99,0.00,34.99

10176827,69156623,1/22/2017 4:52:30 PM,Completed,Bo,Trieu,,100 Levinson Pass,,Williamsburg,Virginia,23188,,US,2027685442,btrieu99@gmail.com,74.98,0.00,74.98,7.92,12.99,95.89,,,DJ & Yu Family,Ordered,"(1) DY, and (2) J&J",Yu,,3415 W. 172nd Street,,Torrance,California,90504,,US,7578802861,74.98,0.00,74.98,12.99,,7.92,95.89,,Ordered,BF84-11KS,PINK PETALS BOUQUET,Size: Small ,1,34.99,34.99,0.00,34.99
10176827,69156623,1/22/2017 4:52:30 PM,Completed,Bo,Trieu,,100 Levinson Pass,,Williamsburg,Virginia,23188,,US,2027685442,btrieu99@gmail.com,74.98,0.00,74.98,7.92,12.99,95.89,,,DJ & Yu Family,Ordered,"(1) DY, and (2) J&J",Yu,,3415 W. 172nd Street,,Torrance,California,90504,,US,7578802861,74.98,0.00,74.98,12.99,,7.92,95.89,,Ordered,BF187-11KM,PERUVIAN LILY RAINBOW BOUQUET,,1,39.99,39.99,0.00,39.99

10176703,69109235,1/21/2017 1:45:06 AM,Completed,Susan,Gullage,,227 North Main Street,,New Salem,Massachusetts,01355,,US,9785778373,j.gale65@hotmail.com,69.98,0.00,69.98,7.47,12.99,90.44,,,c Joseph Mathew,Ordered,C Joseph and Family,Mathew MD,,2316 Marshallfield Ln,,Redondo Beach,California,90278,,US,9788571345,69.98,0.00,69.98,12.99,,7.47,90.44,,Ordered,BF48-11KM,BOUNTIFUL EUROPEAN DISH GARDEN,Size: Medium ,1,59.99,59.99,0.00,59.99
10176703,69109235,1/21/2017 1:45:06 AM,Completed,Susan,Gullage,,227 North Main Street,,New Salem,Massachusetts,01355,,US,9785778373,j.gale65@hotmail.com,69.98,0.00,69.98,7.47,12.99,90.44,,,c Joseph Mathew,Ordered,C Joseph and Family,Mathew MD,,2316 Marshallfield Ln,,Redondo Beach,California,90278,,US,9788571345,69.98,0.00,69.98,12.99,,7.47,90.44,,Ordered,ADD-PLUSH-S,ASSORTED PLUSH,Size: Small ,1,9.99,9.99,0.00,9.99

10176514,69082428,1/20/2017 1:43:49 PM,Completed,Matthew,Bahr,,PO Box 7131,,Marietta,Georgia,30065,,US,4047257199,Usmcjarhead81@gmail.com,49.99,0.00,49.99,5.67,12.99,68.65,,,Jagoda Wierzbicka,Ordered,Jagoda,Wierzbicka,,2704 Curtis Avenue,,Redondo Beach,California,90278,,US,7472382516,49.99,0.00,49.99,12.99,Ground,5.67,68.65,,Ordered,91877,1-800-FLOWERS&REG; SICK AS A DOG™,,1,49.99,49.99,0.00,49.99

10173543,68955710,1/15/2017 7:18:06 PM,Completed,Kenneth,Chukwu,,15444 Nordhoff street,,North Hills,California,91343,,US,2035357122,frken@hotmail.com,49.99,0.00,49.99,5.67,12.99,68.65,,,Dr. Miriam P. Cotler,Ordered,Miriam,Cotler,,"603 Esplanade, Redondo Beach, CA 90277 United Stat",,Redondo Beach,California,90277,,US,3103873150,49.99,0.00,49.99,12.99,Ground,5.67,68.65,,Ordered,BF104-11KM,MY ROSY VALENTINE,Size: Medium ,1,49.99,49.99,0.00,49.99

10173408,68935585,1/14/2017 12:41:06 AM,Completed,Haley,Thompson,,14609 Freeman Ave.,Apt. 8,Lawndale,California,90260,,US,6617470750,haleyt16@gmail.com,39.99,0.00,39.99,4.77,12.99,57.75,,,Gabi Nunez,Ordered,Gabi,Nunez,,11 Pier Ave,,Hermosa Beach,California,90254,,US,6617470750,39.99,0.00,39.99,12.99,Ground,4.77,57.75,,Ordered,BF414-11KM,BLOOMING GARDEN BOUQUET,,1,39.99,39.99,0.00,39.99

10173307,68921215,1/13/2017 5:14:19 PM,Completed,Robert,Hugus,,202 Chicago Ave,,Point Pleasant Beach,New Jersey,08742,,US,7325393062,bobhugus@comcast.net,49.99,0.00,49.99,5.67,12.99,68.65,,,Verica Lukic,Ordered,Verica,Lukic,,2105 Rutland Avenue,,Redondo beach,California,90278,,US,2134790550,49.99,0.00,49.99,12.99,Ground,5.67,68.65,,Ordered,BF305-11KM,ELEGANCE & ROMANCE,,1,49.99,49.99,0.00,49.99

10173157,68907300,1/13/2017 12:29:41 AM,Completed,Mihaela,te Winkel,,27581 Weston Dr,,Valencia,California,91354,,US,3103840174,mdinut@yahoo.com,59.99,0.00,59.99,6.57,12.99,79.55,,,Michelle Domingo,Ordered,Michelle,Domingo,,2008 Grant Ave  #3,,Redondo Beach,California,90278,,US,3107073426,59.99,0.00,59.99,12.99,Ground,6.57,79.55,,Ordered,90985M,1-800-FLOWERS® ELEGANT WISHES™,Size: Medium ,1,59.99,59.99,0.00,59.99

10172912,68874526,1/11/2017 9:17:34 PM,Completed,Pamela,Nevitt,,2616 Alvord Lane,,Redondo Beach,California,90278,,US,3109374465,gnewfy@netzero.net,54.99,0.00,54.99,6.12,12.99,74.10,,,Pamela,Ordered,Pamela,Nevitt,,2616 Alvord Lane,,Redondo Beach,California,90278,,US,3109374465,54.99,0.00,54.99,12.99,Ground,6.12,74.10,,Ordered,103911,1-800-FLOWERS® LOVE PUP™,,1,54.99,54.99,0.00,54.99

10172822,68858773,1/11/2017 4:05:45 PM,Completed,Sonja,Hernandez,,26308 Arboretum Way 204,,Murrieta,California,92563,,US,6198187473,Sonja.James@hotmail.com,74.99,0.00,74.99,7.92,12.99,95.90,,,Manuel Hernandez,Ordered,Manuel,Hernandez,Land Rover South Bay,900 N Pacific Coast HWY,,Redondo Beach,California,90277,,US,6195340665,74.99,0.00,74.99,12.99,Ground,7.92,95.90,,Ordered,103449,1-800-FLOWERS® ROSE ELEGANCE PREMIUM RED ROSES-12 STEMS W/CHOC,,1,74.99,74.99,0.00,74.99

10172717,68839940,1/10/2017 11:03:31 PM,Completed,Michael,Wilson,Beachbody,3301 Exposition Blvd,,Santa Monica,California,90404,,US,3108839314,dkoren@beachbody.com,99.99,0.00,99.99,10.17,12.99,123.15,,,Mastaneh Sharafi,Ordered,Mastaney,Sharafi,,2320 Vanderbilt Lane,#13,Redondo Beach,California,90278,,US,8147776795,99.99,0.00,99.99,12.99,Ground,10.17,123.15,,Ordered,145620L,1-800-FLOWERS® LOVING BLOOMS™ IN LENOX® BLUE & WHITE,Size: Large ,1,99.99,99.99,0.00,99.99

10172634,68825602,1/10/2017 5:41:40 PM,Completed,Roberto,Rosales,,23602 Pineforest Lane,,Harbor City,California,90710,,US,3106146549,brosales4@sbcglobal.net,129.99,0.00,129.99,12.87,12.99,155.85,,,Adrienne Hahn,Ordered,Adrienne,Hahn,,"1703 Clark LAne, Unit B",Unit B,Redondo Beach,California,90278,,US,3108803089,129.99,0.00,129.99,12.99,Ground,12.87,155.85,,Ordered,95434L,MULTICOLOR PASTEL SINCEREST SORROW,Size: Large ,1,129.99,129.99,0.00,129.99

10172508,68809853,1/9/2017 11:51:03 PM,Completed,Clifford,Sawyer,,5320 Edgemere Dr,,Torrance,California,90503,,US,3109484757,cdsawyer01@gmail.com,59.99,0.00,59.99,6.57,12.99,79.55,,,Janet Sawyer,Ordered,Janet,Sawyer,Honda Finance of America,20800 Madrona Ave,"Mailstop""TOR8-2C",Torrance,California,90503,,US,3109484757,59.99,0.00,59.99,12.99,Ground,6.57,79.55,,Ordered,1120RD,1-800-FLOWERS® 1 DOZEN ROSES RED ROSE ELEGANCE™ PREMIUM,,1,59.99,59.99,0.00,59.99

10172396,68793085,1/9/2017 4:02:24 PM,Completed,David,Mitterbauer,,15666 W Monterosa St,,Goodyear,Arizona,85395,,US,3103469469,dexter428@gmail.com,39.99,0.00,39.99,4.77,12.99,57.75,,,Anna Mitterbauer,Ordered,Anna,Mitterbauer,,4619 Towers St,,Torrance,California,90503,,US,3103718476,39.99,0.00,39.99,12.99,Ground,4.77,57.75,,Ordered,BF414-11KM,BLOOMING GARDEN BOUQUET,,1,39.99,39.99,0.00,39.99

10171423,68672804,1/3/2017 8:54:40 PM,Completed,Julie,Wauchope,,2203 Huntington Lane,Unit B,Redondo Beach,California,90278,,US,3107986321,booyakashaa@gmail.com,69.99,0.00,69.99,7.47,12.99,90.45,,,Julie Wauchope,Ordered,Julie,Wauchope,,2203 Huntington Lane,Unit B,Redondo Beach,California,90278,,US,3107986321,69.99,0.00,69.99,12.99,Ground,7.47,90.45,,Ordered,BF103-11KM,LOVELY LILY & PINK ROSE CUBE,,1,69.99,69.99,0.00,69.99
