Web Orders Report
Report generated on 4/17/2017

Search Criteria
Order Date From:,03/01/2017
Order Date To:,03/31/2017
Status:,-- ALL --
Customer:, 
Billing Email:,
Billing Phone:,
Recipient:, 
Recipient Phone:,
SKUL:,
Order#:,
Promotion Code:,
State:,-- Please Select --


ORDER#,BLOOMLINKORDERNO,ORDER DATE,STATUS,BILLING FIRST NAME,BILLING LAST NAME,BILLING COMPANY,BILLING ADDRESS,BILLING ADDRESS 2,BILLING CITY,BILLING STATE,BILLING ZIP,BILLING REGION,BILLING COUNTRY,BILLING PHONE,EMAIL,ORDER MERCHANDISE SUBTOTAL,ORDER DISCOUNT,ORDER SUBTOTAL,ORDER TAX,ORDER SHIPPING,ORDER TOTAL,PROMOTION CODE,,LABEL,RECIPIENT STATUS,FIRST NAME,LAST NAME,COMPANY,ADDRESS 1,ADDRESS 2,CITY,STATE,ZIP,REGION,COUNTRY,PHONE,MERCHANDISE SUBTOTAL,DISCOUNT,SUBTOTAL,SHIPPING,SHIPPING METHOD,TAX,TOTAL,,ITEM STATUS,SKU,ITEM NAME,ATTRIBUTES,QUANTITY,PRICE,ITEM SUBTOTAL,ITEM DISCOUNT,ITEM TOTAL
10200247,71765128,4/1/2017 3:21:00 AM,Completed,Payam,Ansari,,101 Via Los Altos,,Redondo Beach,California,90277,,US,3107011118,payam.ansari@aol.com,59.99,0.00,59.99,6.57,12.99,79.55,,,Asami Yokota,Ordered,Asami,Yokota,Torrance Memorial Hospital 5 West (5th Floor PCU),3330 Lomita Blvd,,Torrance,California,90505,,US,3106197492,59.99,0.00,59.99,12.99,Ground,6.57,79.55,,Ordered,BF231-11KM,1 DOZEN ROSES - RED,,1,59.99,59.99,0.00,59.99

10199989,71740132,3/31/2017 12:30:42 AM,Completed,Jennifer,Chu,,219 East 76th St Apt A,,New York City,California,90021,,US,7185980904,lilfirewrkx@aol.com,39.99,0.00,39.99,4.77,12.99,57.75,,,Mama Ashley Mustakas-Burgos,Ordered,Dr. Ashley,Mustakas-Burgos,,2600 Alvord Ln,,Redondo,California,90278,,US,3109245500,39.99,0.00,39.99,12.99,Ground,4.77,57.75,,Ordered,BF11-11K,PURPLE PASSION,,1,39.99,39.99,0.00,39.99

10199945,71735567,3/30/2017 8:27:21 PM,Completed,Barbara,Sharp,,337 N. Niagara Street,,Burbank,California,91505,,US,3103500705,bsharp7@earthlink.net,44.98,0.00,44.98,5.22,12.99,63.19,,,Aleta Rucci,Ordered,Aleta,Rucci,,"2006 Marshallfield, Suite B",,Redondo Beach,California,90278,,US,3105146249,44.98,0.00,44.98,12.99,,5.22,63.19,,Ordered,BF407-11KM,CUP OF SUNSHINE,,1,34.99,34.99,0.00,34.99
10199945,71735567,3/30/2017 8:27:21 PM,Completed,Barbara,Sharp,,337 N. Niagara Street,,Burbank,California,91505,,US,3103500705,bsharp7@earthlink.net,44.98,0.00,44.98,5.22,12.99,63.19,,,Aleta Rucci,Ordered,Aleta,Rucci,,"2006 Marshallfield, Suite B",,Redondo Beach,California,90278,,US,3105146249,44.98,0.00,44.98,12.99,,5.22,63.19,,Ordered,ADD-PLUSH-S,ASSORTED PLUSH,Size: Small ,1,9.99,9.99,0.00,9.99

10199388,71681710,3/28/2017 8:05:59 PM,Completed,Jalal,Torabzadeh,,6280 East Bridle Circle,,Long Beach,California,90815,,US,5623015159,jalal.torabzadeh@csulb.edu,119.99,0.00,119.99,11.97,12.99,144.95,,,Constas Family,Ordered,Michael,Constas,St. Katherine Greek Orthodox Church,722 Knob Hill Avenue,,Redondo Beach,California,90277,,US,3105402434,119.99,0.00,119.99,12.99,Ground,11.97,144.95,,Ordered,91206L,YELLOW & WHITE SYMPATHY FLOOR BASKET,Size: Large ,1,119.99,119.99,0.00,119.99

10198897,71629231,3/26/2017 2:30:06 PM,Completed,Heather,Tabacoff,,14967 Rivers Edge Ct.,#202,Fort Myers,Florida,33908,,US,4165297729,hajt@rogers.com,49.99,0.00,49.99,5.67,12.99,68.65,,,Jean Martin,Ordered,Jean,Martin,,512 Avenue F,,Redondo Beach,California,90277,,US,3103165802,49.99,0.00,49.99,12.99,Ground,5.67,68.65,,Ordered,BF133-11KMC,PINK PETALS BOUQUET,Size: With Vase ,1,49.99,49.99,0.00,49.99

10198873,71626217,3/26/2017 12:25:55 AM,Completed,ralph,halliwell,,1187 nw 10th ave,,camas,Washington,98607,,US,3106864421,rhalliwell@aol.com,49.99,0.00,49.99,5.67,12.99,68.65,,,rebekkah halliwell,Ordered,Rebekkah,Halliwell,,"5924 S. Pacific Coast Hwy,unit 23,",,torrance,California,90277,,US,3106864482,49.99,0.00,49.99,12.99,Ground,5.67,68.65,,Ordered,91096M,1-800-FLOWERS&REG; GARDEN INSPIRATION™,Size: Medium ,1,49.99,49.99,0.00,49.99

10198483,71586381,3/23/2017 7:53:13 PM,Completed,Della,Mendoza,,2676 Newell St,,Los Angeles,California,90039,,US,3232292364,DELLA@ORIONCLICK.COM,49.99,0.00,49.99,5.67,12.99,68.65,,,Theodora,Ordered,Mama,Theodora,,4727 W. 170th,,Lawndale,California,90260,,US,3232292364,49.99,0.00,49.99,12.99,Ground,5.67,68.65,,Ordered,3361,1-800-FLOWERS&REG; BIRTHDAY DISH GARDEN™,,1,49.99,49.99,0.00,49.99

10198338,71569981,3/23/2017 11:16:48 AM,Completed,Mimi,Delane,,737 Esplanade,,Redondo Beach,California,90277,,US,3105403418,colleendelaneskibs@gmail.com,44.99,0.00,44.99,5.22,12.99,63.20,,,mimi delane,Ordered,Mimi,Delane,,737 Esplanade,,Redondo Beach,California,90277,,US,3105403418,44.99,0.00,44.99,12.99,Ground,5.22,63.20,,Ordered,143174s,1-800-FLOWERS® GARDEN BOUQUET™,Size: Small ,1,44.99,44.99,0.00,44.99

10197729,71508009,3/20/2017 8:26:16 PM,Completed,Lisa,Wiese,,3507 NOTTINGHAM DR,,College Station,Texas,77845,,US,9792299979,Lkbw9227@suddenlink.net,69.99,0.00,69.99,7.47,12.99,90.45,,,Cathy Barnebey,Ordered,Cathy,Barnebey,,1801 Belmont LN,,Redondo Beach,California,90278,,US,3107983408,69.99,0.00,69.99,12.99,Ground,7.47,90.45,,Ordered,90973M,1-800-FLOWERS® RED ROSE AND LILY CUBE BOUQUET,Size: Medium ,1,69.99,69.99,0.00,69.99

10197666,71500372,3/20/2017 4:55:22 PM,Completed,Anthony,Diloreto,,7085 W. 71st Ave,,Arvada,Colorado,80003,,US,7202507374,Anthonydiloreto04@gmail.com,89.99,0.00,89.99,9.27,12.99,112.25,,,Caroline Rollert,Ordered,Caroline,Rollert,,2010 Ruhland Ave. #2,,Redondo Beach,California,90278,,US,7209396322,89.99,0.00,89.99,12.99,Ground,9.27,112.25,,Ordered,91457L,1-800-FLOWERS® SHADES OF PINK & RED™,Size: Large ,1,89.99,89.99,0.00,89.99

10197334,71461520,3/17/2017 9:21:56 PM,Completed,Sonia,Le,,8220 White Oak Ave.,,Northridge,California,91325,,US,7147250711,pepfee@hotmail.com,39.99,0.00,39.99,4.77,12.99,57.75,,,Merced Cohen,Ordered,Merced,Cohen,Wedgewood,2015 Manhattan Beach Blvd,,Redondo Beach,California,90278,,US,8183147836,39.99,0.00,39.99,12.99,Ground,4.77,57.75,,Ordered,BF11-11K,PURPLE PASSION,,1,39.99,39.99,0.00,39.99

10197290,71455900,3/17/2017 5:48:52 PM,Completed,Julie,Wauchope,,2203 Huntington Lane,Unit B,Redondo Beach,California,90278,,US,3107986321,booyakashaa@gmail.com,64.99,0.00,64.99,7.02,12.99,85.00,,,Julie Wauchope,Ordered,Julie,Wauchope,,2203 Huntington Lane,Unit B,Redondo Beach,California,90278,,US,3107986321,64.99,0.00,64.99,12.99,Ground,7.02,85.00,,Ordered,BF214-11KM,BRIGHTEST MEMORIES,,1,64.99,64.99,0.00,64.99

10196578,71378810,3/14/2017 6:07:03 PM,Completed,Hirohisa,Onumata,,2700 Woodland Park Drive,APT. 820,Houston,California,77082,,US,6462564297,honumata@hotmail.com,89.98,0.00,89.98,9.27,12.99,112.24,,,Chikako Ota,Ordered,Chikako,Ota,,2505 Grant Ave,,Redondo Beach,California,90278,,US,6462564297,89.98,0.00,89.98,12.99,,9.27,112.24,,Ordered,98920L,1-800-FLOWERS&REG; MODERN EMBRACE™ ROSE AND LILY CUBE WHITE,Size: Large ,1,79.99,79.99,0.00,79.99
10196578,71378810,3/14/2017 6:07:03 PM,Completed,Hirohisa,Onumata,,2700 Woodland Park Drive,APT. 820,Houston,California,77082,,US,6462564297,honumata@hotmail.com,89.98,0.00,89.98,9.27,12.99,112.24,,,Chikako Ota,Ordered,Chikako,Ota,,2505 Grant Ave,,Redondo Beach,California,90278,,US,6462564297,89.98,0.00,89.98,12.99,,9.27,112.24,,Ordered,ADD-PLUSH-S,ASSORTED PLUSH,Size: Small ,1,9.99,9.99,0.00,9.99

10196557,71377074,3/14/2017 5:11:33 PM,Completed,John,Andrade,,1041 Harbor Village Drive,Unit I,Harbor City,California,90710,,US,310-336-2932,john.l.andrade@gmail.com,49.99,0.00,49.99,5.67,12.99,68.65,,,Patrick Fisher,Ordered,John,Andrade,The Aerospace Corporation,2310 East El Segundo Blvd.,Vistors Center 1,El Segundo,California,90245,,US,3103362932,49.99,0.00,49.99,12.99,Ground,5.67,68.65,,Ordered,BF170-11KM,PEACEFUL WISHES,,1,49.99,49.99,0.00,49.99

10195445,71237740,3/8/2017 5:54:19 PM,Completed,Kaela,Chantawansri,,4622 w. 168th Street,,Lawndale,California,90260,,US,3107389441,kchantawansri@gmail.com,34.99,0.00,34.99,4.32,12.99,52.30,,,Lily Chantawansri,Ordered,Lily,Chantawansri,Environmental Charter High School,16315 Grevillea Ave,,Lawndale,California,90260,,US,3102143400,34.99,0.00,34.99,12.99,Ground,4.32,52.30,,Ordered,BF215-11KM,BABY GIRL BOUQUET,,1,34.99,34.99,0.00,34.99

10195232,71216627,3/7/2017 10:31:18 PM,Completed,Vanessa,Salazar,Space Exploration Technologies,12301 Crenshaw Blvd,,Hawthorne,California,90250,,US,3107200648,vanessa.salazar@spacex.com,39.99,0.00,39.99,4.77,12.99,57.75,,,Kristen Turner,Ordered,Kristen,Turner,,5447 W 141st St,,Hawthorne,California,90250,,US,3108744811,39.99,0.00,39.99,12.99,Ground,4.77,57.75,,Ordered,BF182-11KM,MY SUNNY DAISY BOUQUET,,1,39.99,39.99,0.00,39.99

10193789,71055728,3/1/2017 10:51:23 AM,Completed,Matthew,Bahr,,PO Box 7131,,Marietta,Georgia,30065,,US,4047257199,Usmcjarhead81@gmail.com,74.99,0.00,74.99,6.75,0.00,81.74,,,Jagoda Wierzbicka,Ordered,Jagoda,Wierzbicka,,2704 Curtis Avenue,Unit 1,Redondo Beach,California,90278,,US,7472382516,74.99,0.00,74.99,0.00,Ground,6.75,81.74,,Ordered,95161,1-800-FLOWERS® LUCKY IN LOVE™,,1,74.99,74.99,0.00,74.99
